date,weekday,month,year,is_schoolholiday,is_holiday,rainfall,temperature,promotion_currentweek,promotion_lastweek
2016-03-02,WED,MAR,2016,0,0,2.3,4.2,0,0
2016-03-03,THU,MAR,2016,0,0,0.1,3.3,0,0
2016-03-04,FRI,MAR,2016,0,0,2.8,4.3,0,0
2016-03-05,SAT,MAR,2016,0,0,1.0,4.4,0,0
2016-03-06,SUN,MAR,2016,0,0,1.0,2.9,0,0
2016-03-07,MON,MAR,2016,0,0,0.1,2.7,0,0
2016-03-08,TUE,MAR,2016,0,0,0.0,-0.1,0,0
2016-03-09,WED,MAR,2016,0,0,0.0,0.3,0,0
2016-03-10,THU,MAR,2016,0,0,0.0,1.6,0,0
2016-03-11,FRI,MAR,2016,0,0,0.0,3.3,0,0
2016-03-12,SAT,MAR,2016,0,0,0.0,4.4,0,0
2016-03-13,SUN,MAR,2016,0,0,0.0,4.3,0,0
2016-03-14,MON,MAR,2016,0,0,0.0,4.4,0,0
2016-03-15,TUE,MAR,2016,0,0,3.3,1.1,0,0
2016-03-16,WED,MAR,2016,0,0,0.0,4.0,0,0
2016-03-17,THU,MAR,2016,0,0,0.0,4.3,0,0
2016-03-18,FRI,MAR,2016,0,0,0.0,5.5,0,0
2016-03-19,SAT,MAR,2016,0,0,0.0,3.4,0,0
2016-03-20,SUN,MAR,2016,0,0,0.0,4.5,0,0
2016-03-21,MON,MAR,2016,0,0,1.1,5.9,0,0
2016-03-22,TUE,MAR,2016,0,0,0.0,6.7,0,0
2016-03-23,WED,MAR,2016,0,0,0.6,5.6,0,0
2016-03-24,THU,MAR,2016,1,0,0.0,6.0,0,0
2016-03-25,FRI,MAR,2016,1,1,9.8,5.7,0,0
2016-03-26,SAT,MAR,2016,1,0,0.0,8.8,0,0
2016-03-27,SUN,MAR,2016,1,1,0.1,7.2,0,0
2016-03-28,MON,MAR,2016,1,1,5.3,7.5,0,0
2016-03-29,TUE,MAR,2016,1,0,0.5,8.1,0,0
2016-03-30,WED,MAR,2016,1,0,11.9,8.4,0,0
2016-03-31,THU,MAR,2016,1,0,3.9,11.8,0,0
2016-04-01,FRI,APR,2016,1,0,0.0,5.7,0,0
2016-04-02,SAT,APR,2016,1,0,0.0,7.8,0,0
2016-04-03,SUN,APR,2016,0,0,0.0,12.3,0,0
2016-04-04,MON,APR,2016,0,0,0.6,14.3,0,0
2016-04-05,TUE,APR,2016,0,0,3.3,12.5,0,0
2016-04-06,WED,APR,2016,0,0,0.1,12.0,0,0
2016-04-07,THU,APR,2016,0,0,1.5,8.3,0,0
2016-04-08,FRI,APR,2016,0,0,0.0,6.8,0,0
2016-04-09,SAT,APR,2016,0,0,0.2,6.8,0,0
2016-04-10,SUN,APR,2016,0,0,0.0,10.4,0,0
2016-04-11,MON,APR,2016,0,0,0.3,9.9,0,0
2016-04-12,TUE,APR,2016,0,0,5.4,10.1,0,0
2016-04-13,WED,APR,2016,0,0,3.3,9.5,0,0
2016-04-14,THU,APR,2016,0,0,0.1,10.3,0,0
2016-04-15,FRI,APR,2016,0,0,3.2,10.1,0,0
2016-04-16,SAT,APR,2016,0,0,18.4,10.9,0,0
2016-04-17,SUN,APR,2016,0,0,2.6,8.6,0,0
2016-04-18,MON,APR,2016,0,0,0.0,9.0,0,0
2016-04-19,TUE,APR,2016,0,0,0.0,7.9,0,0
2016-04-20,WED,APR,2016,0,0,0.0,7.6,0,0
2016-04-21,THU,APR,2016,0,0,0.0,10.0,0,0
2016-04-22,FRI,APR,2016,0,0,0.7,10.8,0,0
2016-04-23,SAT,APR,2016,0,0,6.7,6.1,0,0
2016-04-24,SUN,APR,2016,0,0,1.1,2.8,0,0
2016-04-25,MON,APR,2016,0,0,11.9,3.4,0,0
2016-04-26,TUE,APR,2016,0,0,3.2,3.9,0,0
2016-04-27,WED,APR,2016,0,0,0.6,4.0,0,0
2016-04-28,THU,APR,2016,0,0,0.0,4.5,0,0
2016-04-29,FRI,APR,2016,0,0,0.0,7.0,0,0
2016-04-30,SAT,APR,2016,0,0,0.0,10.5,0,0
2016-05-01,SUN,MAY,2016,0,1,0.0,13.3,0,0
2016-05-02,MON,MAY,2016,0,0,0.0,12.1,0,0
2016-05-03,TUE,MAY,2016,0,0,1.6,9.8,0,0
2016-05-04,WED,MAY,2016,0,0,0.0,8.8,0,0
2016-05-05,THU,MAY,2016,0,1,0.0,10.7,0,0
2016-05-06,FRI,MAY,2016,0,0,0.0,14.4,0,0
2016-05-07,SAT,MAY,2016,0,0,0.0,15.9,0,0
2016-05-08,SUN,MAY,2016,0,0,0.0,16.7,0,0
2016-05-09,MON,MAY,2016,0,0,0.0,16.9,0,0
2016-05-10,TUE,MAY,2016,0,0,0.0,15.7,0,0
2016-05-11,WED,MAY,2016,0,0,0.3,16.3,0,0
2016-05-12,THU,MAY,2016,0,0,1.6,15.2,0,0
2016-05-13,FRI,MAY,2016,0,0,12.4,14.6,0,0
2016-05-14,SAT,MAY,2016,0,0,0.0,11.2,0,0
2016-05-15,SUN,MAY,2016,0,1,1.7,8.0,0,0
2016-05-16,MON,MAY,2016,0,1,3.2,7.8,0,0
2016-05-17,TUE,MAY,2016,1,0,0.0,9.3,0,0
2016-05-18,WED,MAY,2016,1,0,0.4,13.4,0,0
2016-05-19,THU,MAY,2016,1,0,0.3,12.8,0,0
2016-05-20,FRI,MAY,2016,1,0,0.0,13.7,0,0
2016-05-21,SAT,MAY,2016,1,0,0.0,17.0,0,0
2016-05-22,SUN,MAY,2016,1,0,0.0,19.1,0,0
2016-05-23,MON,MAY,2016,1,0,8.9,12.5,0,0
2016-05-24,TUE,MAY,2016,1,0,2.3,11.0,0,0
2016-05-25,WED,MAY,2016,1,0,0.0,12.3,1,0
2016-05-26,THU,MAY,2016,1,1,4.3,15.8,1,0
2016-05-27,FRI,MAY,2016,1,0,0.9,17.2,1,0
2016-05-28,SAT,MAY,2016,1,0,0.8,17.9,1,0
2016-05-29,SUN,MAY,2016,0,0,66.3,18.6,1,0
2016-05-30,MON,MAY,2016,0,0,6.2,16.0,1,0
2016-05-31,TUE,MAY,2016,0,0,0.0,16.4,1,0
2016-06-01,WED,JUN,2016,0,0,3.0,14.6,0,1
2016-06-02,THU,JUN,2016,0,0,2.5,15.6,0,1
2016-06-03,FRI,JUN,2016,0,0,2.0,15.9,0,1
2016-06-04,SAT,JUN,2016,0,0,5.4,17.0,0,1
2016-06-05,SUN,JUN,2016,0,0,0.4,18.4,0,1
2016-06-06,MON,JUN,2016,0,0,0.0,19.6,0,1
2016-06-07,TUE,JUN,2016,0,0,0.1,20.5,0,1
2016-06-08,WED,JUN,2016,0,0,18.3,17.9,0,0
2016-06-09,THU,JUN,2016,0,0,0.0,16.1,0,0
2016-06-10,FRI,JUN,2016,0,0,0.0,16.1,0,0
2016-06-11,SAT,JUN,2016,0,0,0.3,16.1,0,0
2016-06-12,SUN,JUN,2016,0,0,4.5,16.4,0,0
2016-06-13,MON,JUN,2016,0,0,4.4,15.9,0,0
2016-06-14,TUE,JUN,2016,0,0,4.2,15.6,0,0
2016-06-15,WED,JUN,2016,0,0,0.5,14.5,0,0
2016-06-16,THU,JUN,2016,0,0,5.9,13.2,0,0
2016-06-17,FRI,JUN,2016,0,0,0.6,14.2,0,0
2016-06-18,SAT,JUN,2016,0,0,0.4,15.6,0,0
2016-06-19,SUN,JUN,2016,0,0,0.0,15.0,0,0
2016-06-20,MON,JUN,2016,0,0,1.9,16.3,0,0
2016-06-21,TUE,JUN,2016,0,0,0.0,17.6,0,0
2016-06-22,WED,JUN,2016,0,0,0.0,22.0,0,0
2016-06-23,THU,JUN,2016,0,0,0.0,24.0,0,0
2016-06-24,FRI,JUN,2016,0,0,17.7,25.6,0,0
2016-06-25,SAT,JUN,2016,0,0,4.6,20.0,0,0
2016-06-26,SUN,JUN,2016,0,0,0.0,17.2,0,0
2016-06-27,MON,JUN,2016,0,0,0.0,17.0,0,0
2016-06-28,TUE,JUN,2016,0,0,3.8,18.2,0,0
2016-06-29,WED,JUN,2016,0,0,0.0,19.5,0,0
2016-06-30,THU,JUN,2016,0,0,0.0,19.4,0,0
2016-07-01,FRI,JUL,2016,0,0,0.0,20.6,0,0
2016-07-02,SAT,JUL,2016,0,0,3.0,16.3,0,0
2016-07-03,SUN,JUL,2016,0,0,0.1,15.2,0,0
2016-07-04,MON,JUL,2016,0,0,0.0,18.7,0,0
2016-07-05,TUE,JUL,2016,0,0,0.0,19.5,0,0
2016-07-06,WED,JUL,2016,0,0,0.0,17.5,0,0
2016-07-07,THU,JUL,2016,0,0,0.0,18.2,1,0
2016-07-08,FRI,JUL,2016,0,0,0.5,20.2,1,0
2016-07-09,SAT,JUL,2016,0,0,0.0,20.8,1,0
2016-07-10,SUN,JUL,2016,0,0,0.0,23.2,1,0
2016-07-11,MON,JUL,2016,0,0,0.1,22.9,1,0
2016-07-12,TUE,JUL,2016,0,0,0.4,18.6,1,0
2016-07-13,WED,JUL,2016,0,0,5.4,16.4,1,0
2016-07-14,THU,JUL,2016,0,0,0.0,14.8,0,1
2016-07-15,FRI,JUL,2016,0,0,0.0,14.1,0,1
2016-07-16,SAT,JUL,2016,0,0,0.0,17.2,0,1
2016-07-17,SUN,JUL,2016,0,0,0.0,20.7,0,1
2016-07-18,MON,JUL,2016,0,0,0.0,22.2,0,1
2016-07-19,TUE,JUL,2016,0,0,0.0,22.4,0,1
2016-07-20,WED,JUL,2016,0,0,5.5,24.6,0,1
2016-07-21,THU,JUL,2016,0,0,0.3,20.2,0,0
2016-07-22,FRI,JUL,2016,0,0,3.2,22.2,0,0
2016-07-23,SAT,JUL,2016,0,0,0.0,21.5,0,0
2016-07-24,SUN,JUL,2016,0,0,0.0,21.4,0,0
2016-07-25,MON,JUL,2016,0,0,0.5,21.7,0,0
2016-07-26,TUE,JUL,2016,0,0,0.4,22.1,0,0
2016-07-27,WED,JUL,2016,0,0,0.0,21.7,0,0
2016-07-28,THU,JUL,2016,1,0,0.6,20.6,0,0
2016-07-29,FRI,JUL,2016,1,0,0.0,21.5,0,0
2016-07-30,SAT,JUL,2016,1,0,4.3,22.2,0,0
2016-07-31,SUN,JUL,2016,1,0,0.0,19.6,0,0
2016-08-01,MON,AUG,2016,1,0,0.6,17.3,0,0
2016-08-02,TUE,AUG,2016,1,0,5.2,16.0,0,0
2016-08-03,WED,AUG,2016,1,0,0.1,19.8,0,0
2016-08-04,THU,AUG,2016,1,0,21.2,19.8,0,0
2016-08-05,FRI,AUG,2016,1,0,0.0,17.3,0,0
2016-08-06,SAT,AUG,2016,1,0,0.0,17.1,0,0
2016-08-07,SUN,AUG,2016,1,0,0.0,18.8,0,0
2016-08-08,MON,AUG,2016,1,0,0.1,20.3,0,0
2016-08-09,TUE,AUG,2016,1,0,1.5,16.7,0,0
2016-08-10,WED,AUG,2016,1,0,0.0,14.4,0,0
2016-08-11,THU,AUG,2016,1,0,3.1,13.2,0,0
2016-08-12,FRI,AUG,2016,1,0,2.0,15.5,0,0
2016-08-13,SAT,AUG,2016,1,0,0.0,19.8,0,0
2016-08-14,SUN,AUG,2016,1,0,0.0,19.9,0,0
2016-08-15,MON,AUG,2016,1,0,0.0,20.2,0,0
2016-08-16,TUE,AUG,2016,1,0,0.0,19.4,0,0
2016-08-17,WED,AUG,2016,1,0,0.0,17.9,0,0
2016-08-18,THU,AUG,2016,1,0,0.0,17.6,0,0
2016-08-19,FRI,AUG,2016,1,0,0.1,20.4,0,0
2016-08-20,SAT,AUG,2016,1,0,2.6,19.2,0,0
2016-08-21,SUN,AUG,2016,1,0,0.0,17.1,0,0
2016-08-22,MON,AUG,2016,1,0,0.0,17.2,0,0
2016-08-23,TUE,AUG,2016,1,0,0.0,20.2,0,0
2016-08-24,WED,AUG,2016,1,0,0.0,22.0,0,0
2016-08-25,THU,AUG,2016,1,0,0.0,22.5,0,0
2016-08-26,FRI,AUG,2016,1,0,0.0,23.0,0,0
2016-08-27,SAT,AUG,2016,1,0,0.0,24.4,0,0
2016-08-28,SUN,AUG,2016,1,0,0.2,24.4,0,0
2016-08-29,MON,AUG,2016,1,0,0.0,22.1,0,0
2016-08-30,TUE,AUG,2016,1,0,0.0,18.8,0,0
2016-08-31,WED,AUG,2016,1,0,0.0,19.5,0,0
2016-09-01,THU,SEP,2016,1,0,0.0,20.5,0,0
2016-09-02,FRI,SEP,2016,1,0,0.0,19.3,0,0
2016-09-03,SAT,SEP,2016,1,0,0.0,20.5,0,0
2016-09-04,SUN,SEP,2016,1,0,1.5,17.9,0,0
2016-09-05,MON,SEP,2016,1,0,0.0,17.6,0,0
2016-09-06,TUE,SEP,2016,1,0,0.0,18.2,0,0
2016-09-07,WED,SEP,2016,1,0,0.0,18.5,0,0
2016-09-08,THU,SEP,2016,1,0,0.0,20.3,0,0
2016-09-09,FRI,SEP,2016,1,0,0.0,20.4,0,0
2016-09-10,SAT,SEP,2016,1,0,0.0,20.6,0,0
2016-09-11,SUN,SEP,2016,0,0,0.0,21.3,0,0
2016-09-12,MON,SEP,2016,0,0,0.0,22.1,0,0
2016-09-13,TUE,SEP,2016,0,0,0.0,22.5,0,0
2016-09-14,WED,SEP,2016,0,0,0.0,21.4,0,0
2016-09-15,THU,SEP,2016,0,0,0.0,20.7,0,0
2016-09-16,FRI,SEP,2016,0,0,0.0,18.9,0,0
2016-09-17,SAT,SEP,2016,0,0,24.1,16.0,0,0
2016-09-18,SUN,SEP,2016,0,0,6.3,14.9,0,0
2016-09-19,MON,SEP,2016,0,0,4.4,13.4,0,0
2016-09-20,TUE,SEP,2016,0,0,0.0,14.4,0,0
2016-09-21,WED,SEP,2016,0,0,0.0,11.9,0,0
2016-09-22,THU,SEP,2016,0,0,0.0,12.1,0,0
2016-09-23,FRI,SEP,2016,0,0,0.0,13.5,0,0
2016-09-24,SAT,SEP,2016,0,0,0.0,13.8,0,0
2016-09-25,SUN,SEP,2016,0,0,0.1,14.5,0,0
2016-09-26,MON,SEP,2016,0,0,1.3,13.8,0,0
2016-09-27,TUE,SEP,2016,0,0,0.0,15.2,0,0
2016-09-28,WED,SEP,2016,0,0,0.0,14.8,0,0
2016-09-29,THU,SEP,2016,0,0,0.0,17.3,0,0
2016-09-30,FRI,SEP,2016,0,0,1.4,15.8,0,0
2016-10-01,SAT,OCT,2016,0,0,0.4,14.7,0,0
2016-10-02,SUN,OCT,2016,0,0,0.0,13.1,0,0
2016-10-03,MON,OCT,2016,0,1,13.0,10.5,0,0
2016-10-04,TUE,OCT,2016,0,0,0.0,8.8,0,0
2016-10-05,WED,OCT,2016,0,0,0.1,6.5,0,0
2016-10-06,THU,OCT,2016,0,0,1.1,8.4,0,0
2016-10-07,FRI,OCT,2016,0,0,0.0,9.3,0,0
2016-10-08,SAT,OCT,2016,0,0,0.1,7.5,0,0
2016-10-09,SUN,OCT,2016,0,0,0.0,6.8,0,0
2016-10-10,MON,OCT,2016,0,0,0.0,6.2,0,0
2016-10-11,TUE,OCT,2016,0,0,0.0,5.9,0,0
2016-10-12,WED,OCT,2016,0,0,0.0,7.1,0,0
2016-10-13,THU,OCT,2016,0,0,0.0,5.8,0,0
2016-10-14,FRI,OCT,2016,0,0,0.0,9.7,0,0
2016-10-15,SAT,OCT,2016,0,0,0.0,10.1,0,0
2016-10-16,SUN,OCT,2016,0,0,0.0,9.9,0,0
2016-10-17,MON,OCT,2016,0,0,2.4,10.6,0,0
2016-10-18,TUE,OCT,2016,0,0,2.6,12.7,0,0
2016-10-19,WED,OCT,2016,0,0,5.0,9.1,0,0
2016-10-20,THU,OCT,2016,0,0,24.9,6.7,0,0
2016-10-21,FRI,OCT,2016,0,0,3.0,5.4,0,0
2016-10-22,SAT,OCT,2016,0,0,0.9,6.0,0,0
2016-10-23,SUN,OCT,2016,0,0,3.5,6.7,0,0
2016-10-24,MON,OCT,2016,0,0,9.6,11.3,0,0
2016-10-25,TUE,OCT,2016,0,0,0.0,12.8,0,0
2016-10-26,WED,OCT,2016,0,0,0.0,9.7,0,0
2016-10-27,THU,OCT,2016,0,0,0.0,8.2,0,0
2016-10-28,FRI,OCT,2016,0,0,0.0,8.2,0,0
2016-10-29,SAT,OCT,2016,0,0,0.0,9.7,0,0
2016-10-30,SUN,OCT,2016,0,0,0.0,7.1,0,0
2016-10-31,MON,OCT,2016,1,0,0.0,7.1,0,0
2016-11-01,TUE,NOV,2016,1,1,1.2,6.0,0,0
2016-11-02,WED,NOV,2016,1,0,0.2,6.9,0,0
2016-11-03,THU,NOV,2016,1,0,0.0,4.0,0,0
2016-11-04,FRI,NOV,2016,1,0,1.5,3.5,0,0
2016-11-05,SAT,NOV,2016,0,0,6.8,6.8,0,0
2016-11-06,SUN,NOV,2016,0,0,1.2,4.5,0,0
2016-11-07,MON,NOV,2016,0,0,0.0,2.1,0,0
2016-11-08,TUE,NOV,2016,0,0,0.8,1.5,0,0
2016-11-09,WED,NOV,2016,0,0,9.1,3.2,0,0
2016-11-10,THU,NOV,2016,0,0,7.9,4.9,0,0
2016-11-11,FRI,NOV,2016,0,0,15.2,2.7,0,0
2016-11-12,SAT,NOV,2016,0,0,0.0,0.7,0,0
2016-11-13,SUN,NOV,2016,0,0,0.0,-0.6,0,0
2016-11-14,MON,NOV,2016,0,0,0.0,-1.6,0,0
2016-11-15,TUE,NOV,2016,0,0,10.8,1.5,0,0
2016-11-16,WED,NOV,2016,0,0,3.4,8.2,0,0
2016-11-17,THU,NOV,2016,0,0,0.8,9.9,0,0
2016-11-18,FRI,NOV,2016,0,0,2.6,9.9,0,0
2016-11-19,SAT,NOV,2016,0,0,3.9,5.4,0,0
2016-11-20,SUN,NOV,2016,0,0,0.0,8.4,0,0
2016-11-21,MON,NOV,2016,0,0,0.0,7.0,0,0
2016-11-22,TUE,NOV,2016,0,0,0.0,7.2,0,0
2016-11-23,WED,NOV,2016,0,0,0.0,5.5,0,0
2016-11-24,THU,NOV,2016,0,0,0.0,7.0,0,0
2016-11-25,FRI,NOV,2016,0,0,0.0,8.0,0,0
2016-11-26,SAT,NOV,2016,0,0,0.0,6.4,0,0
2016-11-27,SUN,NOV,2016,0,0,0.4,4.4,0,0
2016-11-28,MON,NOV,2016,0,0,0.0,-1.7,0,0
2016-11-29,TUE,NOV,2016,0,0,0.0,-3.7,0,0
2016-11-30,WED,NOV,2016,0,0,0.0,-2.7,0,0
2016-12-01,THU,DEC,2016,0,0,0.0,1.9,1,0
2016-12-02,FRI,DEC,2016,0,0,1.2,3.5,1,0
2016-12-03,SAT,DEC,2016,0,0,0.0,-1.5,1,0
2016-12-04,SUN,DEC,2016,0,0,0.0,-4.0,1,0
2016-12-05,MON,DEC,2016,0,0,0.0,-4.1,1,0
2016-12-06,TUE,DEC,2016,0,0,0.0,-1.9,1,0
2016-12-07,WED,DEC,2016,0,0,0.0,-1.6,1,0
2016-12-08,THU,DEC,2016,0,0,0.0,0.3,0,1
2016-12-09,FRI,DEC,2016,0,0,0.6,3.5,0,1
2016-12-10,SAT,DEC,2016,0,0,0.0,4.9,0,1
2016-12-11,SUN,DEC,2016,0,0,0.5,5.7,0,1
2016-12-12,MON,DEC,2016,0,0,0.4,5.0,0,1
2016-12-13,TUE,DEC,2016,0,0,0.8,2.6,0,1
2016-12-14,WED,DEC,2016,0,0,0.0,5.8,0,1
2016-12-15,THU,DEC,2016,0,0,0.0,5.1,0,0
2016-12-16,FRI,DEC,2016,0,0,0.0,1.6,0,0
2016-12-17,SAT,DEC,2016,0,0,0.5,0.6,0,0
2016-12-18,SUN,DEC,2016,0,0,0.5,1.8,0,0
2016-12-19,MON,DEC,2016,0,0,0.0,2.4,0,0
2016-12-20,TUE,DEC,2016,0,0,0.0,0.1,0,0
2016-12-21,WED,DEC,2016,0,0,0.0,-0.5,0,0
2016-12-22,THU,DEC,2016,0,0,2.6,0.9,0,0
2016-12-23,FRI,DEC,2016,1,0,0.0,2.9,0,0
2016-12-24,SAT,DEC,2016,1,0,1.4,5.8,0,0
2016-12-25,SUN,DEC,2016,1,1,0.2,7.0,0,0
2016-12-26,MON,DEC,2016,1,1,0.6,6.3,0,0
2016-12-27,TUE,DEC,2016,1,0,0.0,2.9,0,0
2016-12-28,WED,DEC,2016,1,0,0.0,4.1,0,0
2016-12-29,THU,DEC,2016,1,0,0.0,-0.3,0,0
2016-12-30,FRI,DEC,2016,1,0,0.0,-4.0,0,0
2016-12-31,SAT,DEC,2016,1,0,0.0,-5.3,0,0
2017-01-01,SUN,JAN,2017,1,1,0.0,-4.3,0,0
2017-01-02,MON,JAN,2017,1,0,1.6,-0.5,0,0
2017-01-03,TUE,JAN,2017,1,0,0.6,-0.5,0,0
2017-01-04,WED,JAN,2017,1,0,3.7,0.2,0,0
2017-01-05,THU,JAN,2017,1,0,0.0,-2.9,0,0
2017-01-06,FRI,JAN,2017,1,1,0.0,-11.9,0,0
2017-01-07,SAT,JAN,2017,1,0,1.0,-8.9,0,0
2017-01-08,SUN,JAN,2017,0,0,0.3,-1.9,0,0
2017-01-09,MON,JAN,2017,0,0,0.0,-0.2,0,0
2017-01-10,TUE,JAN,2017,0,0,0.0,-0.8,0,0
2017-01-11,WED,JAN,2017,0,0,2.4,1.2,0,0
2017-01-12,THU,JAN,2017,0,0,4.0,3.1,1,0
2017-01-13,FRI,JAN,2017,0,0,4.8,1.4,1,0
2017-01-14,SAT,JAN,2017,0,0,1.9,0.6,1,0
2017-01-15,SUN,JAN,2017,0,0,0.8,-0.8,1,0
2017-01-16,MON,JAN,2017,0,0,0.0,-4.7,1,0
2017-01-17,TUE,JAN,2017,0,0,0.0,-3.2,1,0
2017-01-18,WED,JAN,2017,0,0,0.0,-3.9,1,0
2017-01-19,THU,JAN,2017,0,0,0.0,-8.1,0,1
2017-01-20,FRI,JAN,2017,0,0,0.0,-8.3,0,1
2017-01-21,SAT,JAN,2017,0,0,0.0,-7.9,0,1
2017-01-22,SUN,JAN,2017,0,0,0.0,-9.6,0,1
2017-01-23,MON,JAN,2017,0,0,0.0,-10.5,0,1
2017-01-24,TUE,JAN,2017,0,0,0.0,-7.2,0,1
2017-01-25,WED,JAN,2017,0,0,0.0,-4.4,0,1
2017-01-26,THU,JAN,2017,0,0,0.0,-2.4,0,0
2017-01-27,FRI,JAN,2017,0,0,0.0,-5.8,0,0
2017-01-28,SAT,JAN,2017,0,0,0.0,-6.7,0,0
2017-01-29,SUN,JAN,2017,0,0,0.0,-4.0,0,0
2017-01-30,MON,JAN,2017,0,0,4.6,1.3,0,0
2017-01-31,TUE,JAN,2017,0,0,0.0,3.1,0,0
2017-02-01,WED,FEB,2017,0,0,0.4,2.9,0,0
2017-02-02,THU,FEB,2017,0,0,0.0,3.4,0,0
2017-02-03,FRI,FEB,2017,0,0,0.0,3.9,0,0
2017-02-04,SAT,FEB,2017,0,0,5.2,4.5,0,0
2017-02-05,SUN,FEB,2017,0,0,0.0,4.6,0,0
2017-02-06,MON,FEB,2017,0,0,0.0,3.7,0,0
2017-02-07,TUE,FEB,2017,0,0,0.2,2.9,0,0
2017-02-08,WED,FEB,2017,0,0,0.0,1.8,0,0
2017-02-09,THU,FEB,2017,0,0,0.0,-1.0,0,0
2017-02-10,FRI,FEB,2017,0,0,0.4,-0.4,0,0
2017-02-11,SAT,FEB,2017,0,0,0.0,0.0,0,0
2017-02-12,SUN,FEB,2017,0,0,0.0,0.5,0,0
2017-02-13,MON,FEB,2017,0,0,0.0,3.0,0,0
2017-02-14,TUE,FEB,2017,0,0,0.0,1.4,0,0
2017-02-15,WED,FEB,2017,0,0,0.0,0.8,0,0
2017-02-16,THU,FEB,2017,0,0,3.3,4.6,0,0
2017-02-17,FRI,FEB,2017,0,0,1.2,6.2,0,0
2017-02-18,SAT,FEB,2017,0,0,0.0,4.6,0,0
2017-02-19,SUN,FEB,2017,0,0,0.2,2.1,0,0
2017-02-20,MON,FEB,2017,0,0,2.4,6.6,0,0
2017-02-21,TUE,FEB,2017,0,0,6.4,9.0,0,0
2017-02-22,WED,FEB,2017,0,0,0.3,9.3,0,0
2017-02-23,THU,FEB,2017,0,0,1.2,10.1,0,0
2017-02-24,FRI,FEB,2017,0,0,0.0,4.7,0,0
2017-02-25,SAT,FEB,2017,0,0,0.0,3.0,0,0
2017-02-26,SUN,FEB,2017,0,0,0.0,6.1,0,0
2017-02-27,MON,FEB,2017,1,0,10.1,9.9,0,0
2017-02-28,TUE,FEB,2017,1,0,2.8,5.5,0,0
2017-03-01,WED,MAR,2017,1,0,6.3,5.6,0,0
2017-03-02,THU,MAR,2017,1,0,0.0,7.6,0,0
2017-03-03,FRI,MAR,2017,1,0,0.0,5.5,0,0
2017-03-04,SAT,MAR,2017,0,0,0.1,7.5,0,0
2017-03-05,SUN,MAR,2017,0,0,3.5,7.8,0,0
2017-03-06,MON,MAR,2017,0,0,4.0,5.8,0,0
2017-03-07,TUE,MAR,2017,0,0,0.1,5.6,0,0
2017-03-08,WED,MAR,2017,0,0,7.5,5.1,0,0
2017-03-09,THU,MAR,2017,0,0,5.9,9.9,0,0
2017-03-10,FRI,MAR,2017,0,0,0.0,5.9,0,0
2017-03-11,SAT,MAR,2017,0,0,0.0,4.6,0,0
2017-03-12,SUN,MAR,2017,0,0,0.0,4.7,0,0
2017-03-13,MON,MAR,2017,0,0,0.0,4.3,0,0
2017-03-14,TUE,MAR,2017,0,0,0.0,6.5,0,0
2017-03-15,WED,MAR,2017,0,0,0.0,7.4,0,0
2017-03-16,THU,MAR,2017,0,0,0.0,8.2,0,0
2017-03-17,FRI,MAR,2017,0,0,1.2,9.9,0,0
2017-03-18,SAT,MAR,2017,0,0,4.8,8.2,0,0
2017-03-19,SUN,MAR,2017,0,0,0.2,10.6,0,0
2017-03-20,MON,MAR,2017,0,0,0.0,11.0,0,0
2017-03-21,TUE,MAR,2017,0,0,7.4,8.9,0,0
2017-03-22,WED,MAR,2017,0,0,0.2,5.9,0,0
2017-03-23,THU,MAR,2017,0,0,0.0,8.6,0,0
2017-03-24,FRI,MAR,2017,0,0,0.0,7.6,0,0
2017-03-25,SAT,MAR,2017,0,0,0.0,8.3,0,0
2017-03-26,SUN,MAR,2017,0,0,0.0,8.0,0,0
2017-03-27,MON,MAR,2017,0,0,0.0,8.1,0,0
2017-03-28,TUE,MAR,2017,0,0,0.0,10.1,0,0
2017-03-29,WED,MAR,2017,0,0,0.0,13.2,0,0
2017-03-30,THU,MAR,2017,0,0,0.0,13.0,1,0
2017-03-31,FRI,MAR,2017,0,0,0.0,14.1,1,0
2017-04-01,SAT,APR,2017,0,0,3.4,13.6,1,0
2017-04-02,SUN,APR,2017,0,0,0.6,12.6,1,0
2017-04-03,MON,APR,2017,0,0,0.6,12.3,1,0
2017-04-04,TUE,APR,2017,0,0,1.8,10.3,1,0
2017-04-05,WED,APR,2017,0,0,0.0,9.2,1,0
2017-04-06,THU,APR,2017,0,0,0.0,7.2,0,1
2017-04-07,FRI,APR,2017,0,0,0.0,8.0,0,1
2017-04-08,SAT,APR,2017,0,0,0.0,10.1,0,1
2017-04-09,SUN,APR,2017,0,0,0.0,10.5,0,1
2017-04-10,MON,APR,2017,1,0,0.6,13.5,0,1
2017-04-11,TUE,APR,2017,1,0,0.0,8.4,0,1
2017-04-12,WED,APR,2017,1,0,0.0,10.9,0,1
2017-04-13,THU,APR,2017,1,0,0.2,11.5,0,0
2017-04-14,FRI,APR,2017,1,1,0.0,10.1,0,0
2017-04-15,SAT,APR,2017,1,0,0.3,10.2,0,0
2017-04-16,SUN,APR,2017,1,1,0.9,7.9,0,0
2017-04-17,MON,APR,2017,1,1,11.7,5.6,0,0
2017-04-18,TUE,APR,2017,1,0,4.0,3.7,0,0
2017-04-19,WED,APR,2017,1,0,0.4,2.6,0,0
2017-04-20,THU,APR,2017,1,0,0.0,3.2,0,0
2017-04-21,FRI,APR,2017,1,0,0.0,8.4,0,0
2017-04-22,SAT,APR,2017,0,0,0.2,9.2,0,0
2017-04-23,SUN,APR,2017,0,0,0.0,5.7,0,0
2017-04-24,MON,APR,2017,0,0,0.0,7.6,0,0
2017-04-25,TUE,APR,2017,0,0,0.6,7.2,0,0
2017-04-26,WED,APR,2017,0,0,6.7,5.9,0,0
2017-04-27,THU,APR,2017,0,0,1.0,6.0,0,0
2017-04-28,FRI,APR,2017,0,0,0.0,7.5,0,0
2017-04-29,SAT,APR,2017,0,0,0.0,8.2,0,0
2017-04-30,SUN,APR,2017,0,0,0.0,9.2,0,0
2017-05-01,MON,MAY,2017,0,1,33.3,6.6,0,0
2017-05-02,TUE,MAY,2017,0,0,13.3,7.8,0,0
2017-05-03,WED,MAY,2017,0,0,3.9,8.3,0,0
2017-05-04,THU,MAY,2017,0,0,15.1,10.1,0,0
2017-05-05,FRI,MAY,2017,0,0,0.0,10.2,0,0
2017-05-06,SAT,MAY,2017,0,0,0.0,12.9,0,0
2017-05-07,SUN,MAY,2017,0,0,5.5,13.1,0,0
2017-05-08,MON,MAY,2017,0,0,0.4,9.9,0,0
2017-05-09,TUE,MAY,2017,0,0,0.0,8.3,0,0
2017-05-10,WED,MAY,2017,0,0,0.0,9.7,0,0
2017-05-11,THU,MAY,2017,0,0,0.5,14.7,0,0
2017-05-12,FRI,MAY,2017,0,0,0.2,16.0,0,0
2017-05-13,SAT,MAY,2017,0,0,0.4,16.7,0,0
2017-05-14,SUN,MAY,2017,0,0,0.9,15.6,0,0
2017-05-15,MON,MAY,2017,0,0,0.3,15.4,0,0
2017-05-16,TUE,MAY,2017,0,0,0.0,16.2,0,0
2017-05-17,WED,MAY,2017,0,0,0.0,19.1,0,0
2017-05-18,THU,MAY,2017,0,0,14.6,19.2,0,0
2017-05-19,FRI,MAY,2017,0,0,9.2,13.8,0,0
2017-05-20,SAT,MAY,2017,0,0,0.0,12.0,0,0
2017-05-21,SUN,MAY,2017,0,0,0.0,14.2,0,0
2017-05-22,MON,MAY,2017,0,0,0.0,16.2,0,0
2017-05-23,TUE,MAY,2017,0,0,0.0,18.3,0,0
2017-05-24,WED,MAY,2017,0,0,1.5,15.6,0,0
2017-05-25,THU,MAY,2017,0,1,0.0,15.6,0,0
2017-05-26,FRI,MAY,2017,0,0,0.0,17.0,0,0
2017-05-27,SAT,MAY,2017,0,0,0.0,19.7,0,0
2017-05-28,SUN,MAY,2017,0,0,0.0,21.4,0,0
2017-05-29,MON,MAY,2017,0,0,6.8,23.7,0,0
2017-05-30,TUE,MAY,2017,0,0,2.1,20.9,0,0
2017-05-31,WED,MAY,2017,0,0,0.0,19.1,0,0
2017-06-01,THU,JUN,2017,0,0,0.0,18.5,0,0
2017-06-02,FRI,JUN,2017,0,0,0.0,20.4,0,0
2017-06-03,SAT,JUN,2017,0,0,12.4,21.3,0,0
2017-06-04,SUN,JUN,2017,0,1,1.3,16.8,0,0
2017-06-05,MON,JUN,2017,0,1,0.4,14.1,0,0
2017-06-06,TUE,JUN,2017,1,0,2.4,14.2,0,0
2017-06-07,WED,JUN,2017,1,0,0.1,12.9,0,0
2017-06-08,THU,JUN,2017,1,0,0.0,15.4,0,0
2017-06-09,FRI,JUN,2017,1,0,2.0,16.2,0,0
2017-06-10,SAT,JUN,2017,1,0,0.0,16.8,0,0
2017-06-11,SUN,JUN,2017,1,0,0.0,20.9,0,0
2017-06-12,MON,JUN,2017,1,0,0.0,20.9,0,0
2017-06-13,TUE,JUN,2017,1,0,0.0,16.9,0,0
2017-06-14,WED,JUN,2017,1,0,0.0,18.0,0,0
2017-06-15,THU,JUN,2017,1,1,0.0,21.5,0,0
2017-06-16,FRI,JUN,2017,1,0,0.0,19.7,0,0
2017-06-17,SAT,JUN,2017,0,0,0.0,16.6,0,0
2017-06-18,SUN,JUN,2017,0,0,0.0,20.1,0,0
2017-06-19,MON,JUN,2017,0,0,0.0,21.2,0,0
2017-06-20,TUE,JUN,2017,0,0,0.0,23.4,0,0
2017-06-21,WED,JUN,2017,0,0,0.0,23.8,0,0
2017-06-22,THU,JUN,2017,0,0,0.0,25.6,0,0
2017-06-23,FRI,JUN,2017,0,0,0.0,23.7,0,0
2017-06-24,SAT,JUN,2017,0,0,0.0,20.4,0,0
2017-06-25,SUN,JUN,2017,0,0,0.0,20.8,0,0
2017-06-26,MON,JUN,2017,0,0,1.0,23.5,0,0
2017-06-27,TUE,JUN,2017,0,0,1.0,20.6,0,0
2017-06-28,WED,JUN,2017,0,0,39.3,19.7,0,0
2017-06-29,THU,JUN,2017,0,0,7.0,17.0,0,0
2017-06-30,FRI,JUN,2017,0,0,0.0,17.8,0,0
2017-07-01,SAT,JUL,2017,0,0,3.5,15.9,0,0
2017-07-02,SUN,JUL,2017,0,0,0.1,16.9,0,0
2017-07-03,MON,JUL,2017,0,0,0.0,18.1,0,0
2017-07-04,TUE,JUL,2017,0,0,0.0,19.9,0,0
2017-07-05,WED,JUL,2017,0,0,0.0,21.7,0,0
2017-07-06,THU,JUL,2017,0,0,5.2,22.9,0,0
2017-07-07,FRI,JUL,2017,0,0,0.9,22.6,0,0
2017-07-08,SAT,JUL,2017,0,0,0.0,24.3,0,0
2017-07-09,SUN,JUL,2017,0,0,8.4,23.4,0,0
2017-07-10,MON,JUL,2017,0,0,3.4,21.2,0,0
2017-07-11,TUE,JUL,2017,0,0,0.6,19.6,0,0
2017-07-12,WED,JUL,2017,0,0,6.5,17.6,0,0
2017-07-13,THU,JUL,2017,0,0,0.0,15.4,0,0
2017-07-14,FRI,JUL,2017,0,0,1.7,16.9,0,0
2017-07-15,SAT,JUL,2017,0,0,0.0,15.8,0,0
2017-07-16,SUN,JUL,2017,0,0,0.0,18.2,0,0
2017-07-17,MON,JUL,2017,0,0,0.0,21.6,0,0
2017-07-18,TUE,JUL,2017,0,0,0.0,23.5,0,0
2017-07-19,WED,JUL,2017,0,0,0.9,25.1,0,0
2017-07-20,THU,JUL,2017,0,0,4.0,20.3,1,0
2017-07-21,FRI,JUL,2017,0,0,0.5,22.7,1,0
2017-07-22,SAT,JUL,2017,0,0,0.0,21.9,1,0
2017-07-23,SUN,JUL,2017,0,0,0.0,20.6,1,0
2017-07-24,MON,JUL,2017,0,0,2.0,15.9,1,0
2017-07-25,TUE,JUL,2017,0,0,33.7,13.8,1,0
2017-07-26,WED,JUL,2017,0,0,15.7,14.5,1,0
2017-07-27,THU,JUL,2017,1,0,3.0,16.8,0,1
2017-07-28,FRI,JUL,2017,1,0,0.0,18.1,0,1
2017-07-29,SAT,JUL,2017,1,0,0.0,20.3,0,1
2017-07-30,SUN,JUL,2017,1,0,5.8,22.6,0,1
2017-07-31,MON,JUL,2017,1,0,4.3,21.0,0,1
2017-08-01,TUE,AUG,2017,1,0,0.1,23.2,0,1
2017-08-02,WED,AUG,2017,1,0,5.5,22.5,0,1
2017-08-03,THU,AUG,2017,1,0,0.0,21.6,0,0
2017-08-04,FRI,AUG,2017,1,0,0.0,20.4,0,0
2017-08-05,SAT,AUG,2017,1,0,5.8,19.4,0,0
2017-08-06,SUN,AUG,2017,1,0,0.0,17.2,0,0
2017-08-07,MON,AUG,2017,1,0,0.0,17.9,0,0
2017-08-08,TUE,AUG,2017,1,0,0.1,18.3,0,0
2017-08-09,WED,AUG,2017,1,0,1.2,19.4,0,0
2017-08-10,THU,AUG,2017,1,0,13.7,15.1,0,0
2017-08-11,FRI,AUG,2017,1,0,3.5,14.3,0,0
2017-08-12,SAT,AUG,2017,1,0,0.9,15.3,0,0
2017-08-13,SUN,AUG,2017,1,0,0.5,17.3,0,0
2017-08-14,MON,AUG,2017,1,0,0.0,20.0,0,0
2017-08-15,TUE,AUG,2017,1,0,0.9,21.6,0,0
2017-08-16,WED,AUG,2017,1,0,7.1,20.5,0,0
2017-08-17,THU,AUG,2017,1,0,0.0,21.1,0,0
2017-08-18,FRI,AUG,2017,1,0,14.0,20.1,0,0
2017-08-19,SAT,AUG,2017,1,0,0.0,16.5,0,0
2017-08-20,SUN,AUG,2017,1,0,0.0,15.5,0,0
2017-08-21,MON,AUG,2017,1,0,0.0,14.9,0,0
2017-08-22,TUE,AUG,2017,1,0,0.0,15.6,0,0
2017-08-23,WED,AUG,2017,1,0,0.0,18.3,0,0
2017-08-24,THU,AUG,2017,1,0,0.0,19.4,0,0
2017-08-25,FRI,AUG,2017,1,0,0.1,21.0,0,0
2017-08-26,SAT,AUG,2017,1,0,0.0,22.3,0,0
2017-08-27,SUN,AUG,2017,1,0,0.0,21.1,0,0
2017-08-28,MON,AUG,2017,1,0,0.0,20.5,0,0
2017-08-29,TUE,AUG,2017,1,0,0.0,20.8,0,0
2017-08-30,WED,AUG,2017,1,0,6.4,23.3,0,0
2017-08-31,THU,AUG,2017,1,0,4.7,17.7,0,0
2017-09-01,FRI,SEP,2017,1,0,0.0,14.7,0,0
2017-09-02,SAT,SEP,2017,1,0,0.0,12.9,0,0
2017-09-03,SUN,SEP,2017,1,0,1.0,12.1,0,0
2017-09-04,MON,SEP,2017,1,0,0.0,14.0,0,0
2017-09-05,TUE,SEP,2017,1,0,1.9,18.7,0,0
2017-09-06,WED,SEP,2017,1,0,0.0,18.0,0,0
2017-09-07,THU,SEP,2017,1,0,0.0,14.5,0,0
2017-09-08,FRI,SEP,2017,1,0,0.0,15.3,0,0
2017-09-09,SAT,SEP,2017,1,0,1.4,14.2,0,0
2017-09-10,SUN,SEP,2017,0,0,0.0,13.7,0,0
2017-09-11,MON,SEP,2017,0,0,0.2,12.6,0,0
2017-09-12,TUE,SEP,2017,0,0,0.0,13.8,0,0
2017-09-13,WED,SEP,2017,0,0,33.6,13.7,0,0
2017-09-14,THU,SEP,2017,0,0,8.9,11.2,0,0
2017-09-15,FRI,SEP,2017,0,0,0.0,12.1,0,0
2017-09-16,SAT,SEP,2017,0,0,0.1,9.7,0,0
2017-09-17,SUN,SEP,2017,0,0,0.0,11.0,0,0
2017-09-18,MON,SEP,2017,0,0,0.1,11.4,0,0
2017-09-19,TUE,SEP,2017,0,0,0.9,11.7,0,0
2017-09-20,WED,SEP,2017,0,0,2.0,11.5,0,0
2017-09-21,THU,SEP,2017,0,0,0.0,10.6,0,0
2017-09-22,FRI,SEP,2017,0,0,0.0,11.9,0,0
2017-09-23,SAT,SEP,2017,0,0,0.0,13.1,0,0
2017-09-24,SUN,SEP,2017,0,0,0.0,12.8,0,0
2017-09-25,MON,SEP,2017,0,0,0.7,12.1,0,0
2017-09-26,TUE,SEP,2017,0,0,0.0,13.4,0,0
2017-09-27,WED,SEP,2017,0,0,0.0,13.5,0,0
2017-09-28,THU,SEP,2017,0,0,0.0,14.8,0,0
2017-09-29,FRI,SEP,2017,0,0,0.2,16.0,0,0
2017-09-30,SAT,SEP,2017,0,0,5.0,16.0,0,0
2017-10-01,SUN,OCT,2017,0,0,0.0,11.6,0,0
2017-10-02,MON,OCT,2017,0,0,14.1,12.6,0,0
2017-10-03,TUE,OCT,2017,0,1,1.7,12.0,0,0
2017-10-04,WED,OCT,2017,0,0,0.0,11.0,0,0
2017-10-05,THU,OCT,2017,0,0,3.9,12.0,0,0
2017-10-06,FRI,OCT,2017,0,0,1.3,8.9,0,0
2017-10-07,SAT,OCT,2017,0,0,1.6,10.1,0,0
2017-10-08,SUN,OCT,2017,0,0,3.4,11.2,0,0
2017-10-09,MON,OCT,2017,0,0,0.4,11.3,0,0
2017-10-10,TUE,OCT,2017,0,0,1.7,11.6,0,0
2017-10-11,WED,OCT,2017,0,0,0.0,12.5,0,0
2017-10-12,THU,OCT,2017,0,0,0.0,12.7,0,0
2017-10-13,FRI,OCT,2017,0,0,0.0,14.1,0,0
2017-10-14,SAT,OCT,2017,0,0,0.0,13.1,0,0
2017-10-15,SUN,OCT,2017,0,0,0.0,12.8,0,0
2017-10-16,MON,OCT,2017,0,0,0.0,13.5,0,0
2017-10-17,TUE,OCT,2017,0,0,0.0,12.6,0,0
2017-10-18,WED,OCT,2017,0,0,0.0,11.5,0,0
2017-10-19,THU,OCT,2017,0,0,0.0,11.1,0,0
2017-10-20,FRI,OCT,2017,0,0,0.0,12.8,0,0
2017-10-21,SAT,OCT,2017,0,0,4.9,13.1,0,0
2017-10-22,SUN,OCT,2017,0,0,0.2,9.6,0,0
2017-10-23,MON,OCT,2017,0,0,0.3,9.3,0,0
2017-10-24,TUE,OCT,2017,0,0,0.4,11.7,0,0
2017-10-25,WED,OCT,2017,0,0,0.0,13.1,0,0
2017-10-26,THU,OCT,2017,0,0,1.3,10.8,0,0
2017-10-27,FRI,OCT,2017,0,0,0.5,10.8,0,0
2017-10-28,SAT,OCT,2017,0,0,3.2,8.1,0,0
2017-10-29,SUN,OCT,2017,0,0,2.8,8.7,0,0
2017-10-30,MON,OCT,2017,1,0,0.1,5.7,0,0
2017-10-31,TUE,OCT,2017,1,1,0.1,4.9,0,0
2017-11-01,WED,NOV,2017,1,1,0.0,7.4,0,0
2017-11-02,THU,NOV,2017,1,0,0.0,9.3,0,0
2017-11-03,FRI,NOV,2017,1,0,0.0,8.0,0,0
2017-11-04,SAT,NOV,2017,0,0,0.4,6.7,0,0
2017-11-05,SUN,NOV,2017,0,0,7.7,7.3,0,0
2017-11-06,MON,NOV,2017,0,0,0.0,5.3,0,0
2017-11-07,TUE,NOV,2017,0,0,0.0,6.6,0,0
2017-11-08,WED,NOV,2017,0,0,0.9,7.1,0,0
2017-11-09,THU,NOV,2017,0,0,0.2,6.9,0,0
2017-11-10,FRI,NOV,2017,0,0,2.6,5.7,0,0
2017-11-11,SAT,NOV,2017,0,0,4.2,5.8,0,0
2017-11-12,SUN,NOV,2017,0,0,18.5,2.8,0,0
2017-11-13,MON,NOV,2017,0,0,0.2,3.2,0,0
2017-11-14,TUE,NOV,2017,0,0,0.0,0.5,0,0
2017-11-15,WED,NOV,2017,0,0,0.0,1.9,0,0
2017-11-16,THU,NOV,2017,0,0,0.0,2.3,0,0
2017-11-17,FRI,NOV,2017,0,0,0.6,3.3,0,0
2017-11-18,SAT,NOV,2017,0,0,1.6,4.5,0,0
2017-11-19,SUN,NOV,2017,0,0,1.7,4.2,0,0
2017-11-20,MON,NOV,2017,0,0,0.7,3.6,0,0
2017-11-21,TUE,NOV,2017,0,0,1.4,6.7,0,0
2017-11-22,WED,NOV,2017,0,0,0.0,6.1,0,0
2017-11-23,THU,NOV,2017,0,0,0.0,7.6,0,0
2017-11-24,FRI,NOV,2017,0,0,6.3,10.8,0,0
2017-11-25,SAT,NOV,2017,0,0,12.8,6.1,0,0
2017-11-26,SUN,NOV,2017,0,0,0.0,2.4,0,0
2017-11-27,MON,NOV,2017,0,0,12.4,3.5,0,0
2017-11-28,TUE,NOV,2017,0,0,3.5,4.3,0,0
2017-11-29,WED,NOV,2017,0,0,1.1,1.5,0,0
2017-11-30,THU,NOV,2017,0,0,2.4,0.9,0,0
2017-12-01,FRI,DEC,2017,0,0,0.0,-0.3,0,0
2017-12-02,SAT,DEC,2017,0,0,0.0,-2.2,0,0
2017-12-03,SUN,DEC,2017,0,0,4.3,-1.7,0,0
2017-12-04,MON,DEC,2017,0,0,0.3,0.6,0,0
2017-12-05,TUE,DEC,2017,0,0,0.1,3.1,0,0
2017-12-06,WED,DEC,2017,0,0,0.0,3.5,0,0
2017-12-07,THU,DEC,2017,0,0,5.2,2.5,0,0
2017-12-08,FRI,DEC,2017,0,0,3.2,3.0,0,0
2017-12-09,SAT,DEC,2017,0,0,0.1,-0.3,0,0
2017-12-10,SUN,DEC,2017,0,0,5.7,0.8,0,0
2017-12-11,MON,DEC,2017,0,0,16.3,5.4,0,0
2017-12-12,TUE,DEC,2017,0,0,0.3,2.8,0,0
2017-12-13,WED,DEC,2017,0,0,7.7,2.6,0,0
2017-12-14,THU,DEC,2017,0,0,6.2,4.8,0,0
2017-12-15,FRI,DEC,2017,0,0,5.1,2.4,0,0
2017-12-16,SAT,DEC,2017,0,0,0.2,1.4,0,0
2017-12-17,SUN,DEC,2017,0,0,0.6,1.4,0,0
2017-12-18,MON,DEC,2017,0,0,0.8,0.7,0,0
2017-12-19,TUE,DEC,2017,0,0,1.5,0.7,0,0
2017-12-20,WED,DEC,2017,0,0,0.5,2.7,0,0
2017-12-21,THU,DEC,2017,0,0,1.9,4.5,0,0
2017-12-22,FRI,DEC,2017,1,0,1.7,6.4,0,0
2017-12-23,SAT,DEC,2017,1,0,0.1,7.1,0,0
2017-12-24,SUN,DEC,2017,1,0,0.0,6.2,0,0
2017-12-25,MON,DEC,2017,1,1,0.0,2.5,0,0
2017-12-26,TUE,DEC,2017,1,1,0.1,1.9,0,0
2017-12-27,WED,DEC,2017,1,0,0.4,3.7,0,0
2017-12-28,THU,DEC,2017,1,0,0.6,2.3,0,0
2017-12-29,FRI,DEC,2017,1,0,4.0,0.8,0,0
2017-12-30,SAT,DEC,2017,1,0,13.8,5.9,0,0
2017-12-31,SUN,DEC,2017,1,0,0.0,10.5,0,0
2018-01-01,MON,JAN,2018,1,1,5.8,7.6,0,0
2018-01-02,TUE,JAN,2018,1,0,2.3,5.0,0,0
2018-01-03,WED,JAN,2018,1,0,16.3,6.7,0,0
2018-01-04,THU,JAN,2018,1,0,17.8,7.2,0,0
2018-01-05,FRI,JAN,2018,1,0,5.0,8.2,0,0
2018-01-06,SAT,JAN,2018,0,1,1.5,6.8,0,0
2018-01-07,SUN,JAN,2018,0,0,0.0,5.4,0,0
2018-01-08,MON,JAN,2018,0,0,0.0,5.6,0,0
2018-01-09,TUE,JAN,2018,0,0,0.2,4.9,0,0
2018-01-10,WED,JAN,2018,0,0,0.0,4.9,0,0
2018-01-11,THU,JAN,2018,0,0,0.0,2.9,0,0
2018-01-12,FRI,JAN,2018,0,0,0.0,3.8,0,0
2018-01-13,SAT,JAN,2018,0,0,0.0,3.6,0,0
2018-01-14,SUN,JAN,2018,0,0,0.0,0.6,0,0
2018-01-15,MON,JAN,2018,0,0,10.0,1.5,0,0
2018-01-16,TUE,JAN,2018,0,0,11.3,5.4,0,0
2018-01-17,WED,JAN,2018,0,0,5.1,2.5,0,0
2018-01-18,THU,JAN,2018,0,0,13.0,4.4,0,0
2018-01-19,FRI,JAN,2018,0,0,2.3,3.1,0,0
2018-01-20,SAT,JAN,2018,0,0,7.8,1.6,0,0
2018-01-21,SUN,JAN,2018,0,0,2.1,1.6,0,0
2018-01-22,MON,JAN,2018,0,0,2.2,3.1,0,0
2018-01-23,TUE,JAN,2018,0,0,0.0,5.8,0,0
2018-01-24,WED,JAN,2018,0,0,0.0,8.9,0,0
2018-01-25,THU,JAN,2018,0,0,0.1,9.3,0,0
2018-01-26,FRI,JAN,2018,0,0,1.2,7.3,0,0
2018-01-27,SAT,JAN,2018,0,0,0.0,4.5,0,0
2018-01-28,SUN,JAN,2018,0,0,0.1,6.6,0,0
2018-01-29,MON,JAN,2018,0,0,1.0,7.7,0,0
2018-01-30,TUE,JAN,2018,0,0,0.1,5.2,0,0
2018-01-31,WED,JAN,2018,0,0,11.9,6.9,0,0
2018-02-01,THU,FEB,2018,0,0,2.2,3.0,0,0
2018-02-02,FRI,FEB,2018,0,0,0.2,2.1,0,0
2018-02-03,SAT,FEB,2018,0,0,2.1,1.8,0,0
2018-02-04,SUN,FEB,2018,0,0,7.9,0.5,0,0
2018-02-05,MON,FEB,2018,0,0,0.0,-1.9,0,0
2018-02-06,TUE,FEB,2018,0,0,0.0,-2.1,0,0
2018-02-07,WED,FEB,2018,0,0,0.0,-3.3,0,0
2018-02-08,THU,FEB,2018,0,0,0.0,-1.9,0,0
2018-02-09,FRI,FEB,2018,0,0,0.0,-1.7,0,0
2018-02-10,SAT,FEB,2018,0,0,0.0,0.8,0,0
2018-02-11,SUN,FEB,2018,0,0,2.2,2.0,0,0
2018-02-12,MON,FEB,2018,1,0,0.1,0.7,0,0
2018-02-13,TUE,FEB,2018,1,0,0.0,-0.7,0,0
2018-02-14,WED,FEB,2018,1,0,0.0,-2.7,0,0
2018-02-15,THU,FEB,2018,1,0,5.5,0.9,0,0
2018-02-16,FRI,FEB,2018,1,0,0.0,3.8,0,0
2018-02-17,SAT,FEB,2018,0,0,1.7,0.3,0,0
2018-02-18,SUN,FEB,2018,0,0,0.0,-1.6,0,0
2018-02-19,MON,FEB,2018,0,0,0.0,-2.1,0,0
2018-02-20,TUE,FEB,2018,0,0,0.0,-0.9,0,0
2018-02-21,WED,FEB,2018,0,0,0.0,-0.2,0,0
2018-02-22,THU,FEB,2018,0,0,0.0,-0.8,0,0
2018-02-23,FRI,FEB,2018,0,0,0.0,-1.6,0,0
2018-02-24,SAT,FEB,2018,0,0,0.0,-2.1,0,0
2018-02-25,SUN,FEB,2018,0,0,0.0,-4.8,0,0
2018-02-26,MON,FEB,2018,0,0,0.0,-7.2,0,0
2018-02-27,TUE,FEB,2018,0,0,0.0,-8.8,0,0
2018-02-28,WED,FEB,2018,0,0,0.0,-8.7,0,0
2018-03-01,THU,MAR,2018,0,0,0.0,-4.7,0,0
2018-03-02,FRI,MAR,2018,0,0,0.5,-3.5,0,0
2018-03-03,SAT,MAR,2018,0,0,0.3,0.3,0,0
2018-03-04,SUN,MAR,2018,0,0,0.0,4.5,0,0
2018-03-05,MON,MAR,2018,0,0,0.0,5.4,0,0
2018-03-06,TUE,MAR,2018,0,0,0.0,1.9,0,0
2018-03-07,WED,MAR,2018,0,0,0.0,6.4,0,0
2018-03-08,THU,MAR,2018,0,0,6.1,6.8,0,0
2018-03-09,FRI,MAR,2018,0,0,2.7,5.3,0,0
2018-03-10,SAT,MAR,2018,0,0,0.9,8.5,0,0
2018-03-11,SUN,MAR,2018,0,0,1.9,10.3,0,0
2018-03-12,MON,MAR,2018,0,0,0.5,9.6,0,0
2018-03-13,TUE,MAR,2018,0,0,4.8,7.4,0,0
2018-03-14,WED,MAR,2018,0,0,0.0,4.7,0,0
2018-03-15,THU,MAR,2018,0,0,1.3,5.9,0,0
2018-03-16,FRI,MAR,2018,0,0,2.5,6.9,0,0
2018-03-17,SAT,MAR,2018,0,0,5.1,-0.9,0,0
2018-03-18,SUN,MAR,2018,0,0,2.3,-2.9,0,0
2018-03-19,MON,MAR,2018,0,0,0.0,-1.8,0,0
2018-03-20,TUE,MAR,2018,0,0,0.9,-2.0,0,0
2018-03-21,WED,MAR,2018,0,0,0.0,-1.9,0,0
2018-03-22,THU,MAR,2018,0,0,2.0,-0.4,0,0
2018-03-23,FRI,MAR,2018,0,0,0.0,3.0,0,0
2018-03-24,SAT,MAR,2018,0,0,0.0,3.3,0,0
2018-03-25,SUN,MAR,2018,0,0,0.0,3.9,0,0
2018-03-26,MON,MAR,2018,1,0,0.1,4.8,0,0
2018-03-27,TUE,MAR,2018,1,0,2.4,6.6,0,0
2018-03-28,WED,MAR,2018,1,0,6.6,8.5,0,0
2018-03-29,THU,MAR,2018,1,0,0.0,6.0,0,0
2018-03-30,FRI,MAR,2018,1,1,7.3,7.2,0,0
2018-03-31,SAT,MAR,2018,1,0,0.0,7.9,0,0
2018-04-01,SUN,APR,2018,1,1,5.8,6.8,0,0
2018-04-02,MON,APR,2018,1,1,0.4,8.8,0,0
2018-04-03,TUE,APR,2018,1,0,0.3,14.3,0,0
2018-04-04,WED,APR,2018,1,0,0.4,13.4,0,0
2018-04-05,THU,APR,2018,1,0,1.2,9.2,0,0
2018-04-06,FRI,APR,2018,1,0,0.0,6.6,0,0
2018-04-07,SAT,APR,2018,0,0,0.0,10.9,0,0
2018-04-08,SUN,APR,2018,0,0,0.0,12.4,0,0
2018-04-09,MON,APR,2018,0,0,0.0,12.4,0,0
2018-04-10,TUE,APR,2018,0,0,9.8,13.5,0,0
2018-04-11,WED,APR,2018,0,0,0.0,12.3,0,0
2018-04-12,THU,APR,2018,0,0,0.0,14.5,0,0
2018-04-13,FRI,APR,2018,0,0,28.5,8.8,0,0
2018-04-14,SAT,APR,2018,0,0,0.0,12.4,0,0
2018-04-15,SUN,APR,2018,0,0,0.3,13.7,0,0
2018-04-16,MON,APR,2018,0,0,0.0,15.3,0,0
2018-04-17,TUE,APR,2018,0,0,0.0,14.3,0,0
2018-04-18,WED,APR,2018,0,0,0.0,15.5,0,0
2018-04-19,THU,APR,2018,0,0,0.0,16.0,0,0
2018-04-20,FRI,APR,2018,0,0,0.0,17.3,0,0
2018-04-21,SAT,APR,2018,0,0,0.0,18.0,0,0
2018-04-22,SUN,APR,2018,0,0,0.0,18.3,0,0
2018-04-23,MON,APR,2018,0,0,10.9,15.4,0,0
2018-04-24,TUE,APR,2018,0,0,0.0,14.5,0,0
2018-04-25,WED,APR,2018,0,0,0.3,14.3,0,0
2018-04-26,THU,APR,2018,0,0,0.0,11.1,0,0
2018-04-27,FRI,APR,2018,0,0,0.0,11.8,0,0
2018-04-28,SAT,APR,2018,0,0,5.0,13.8,0,0
2018-04-29,SUN,APR,2018,0,0,0.0,17.9,0,0
2018-04-30,MON,APR,2018,0,0,0.2,15.0,0,0
2018-05-01,TUE,MAY,2018,0,1,0.0,9.8,0,0
2018-05-02,WED,MAY,2018,0,0,0.0,9.9,0,0
2018-05-03,THU,MAY,2018,0,0,0.0,14.3,0,0
2018-05-04,FRI,MAY,2018,0,0,0.0,15.7,0,0
2018-05-05,SAT,MAY,2018,0,0,0.0,16.9,0,0
2018-05-06,SUN,MAY,2018,0,0,0.0,16.3,0,0
2018-05-07,MON,MAY,2018,0,0,0.0,16.0,0,0
2018-05-08,TUE,MAY,2018,0,0,0.0,16.6,0,0
2018-05-09,WED,MAY,2018,0,0,0.0,17.4,0,0
2018-05-10,THU,MAY,2018,0,1,4.8,15.0,0,0
2018-05-11,FRI,MAY,2018,0,0,0.0,14.9,0,0
2018-05-12,SAT,MAY,2018,0,0,0.0,17.3,0,0
2018-05-13,SUN,MAY,2018,0,0,62.5,17.1,0,0
2018-05-14,MON,MAY,2018,0,0,4.7,16.9,0,0
2018-05-15,TUE,MAY,2018,0,0,5.0,15.0,0,0
2018-05-16,WED,MAY,2018,0,0,1.3,13.8,0,0
2018-05-17,THU,MAY,2018,0,0,0.0,14.3,0,0
2018-05-18,FRI,MAY,2018,0,0,0.0,12.7,0,0
2018-05-19,SAT,MAY,2018,0,0,0.3,13.3,0,0
2018-05-20,SUN,MAY,2018,0,1,0.3,15.0,0,0
2018-05-21,MON,MAY,2018,0,1,0.0,17.5,0,0
2018-05-22,TUE,MAY,2018,1,0,0.0,17.8,0,0
2018-05-23,WED,MAY,2018,1,0,4.3,17.3,0,0
2018-05-24,THU,MAY,2018,1,0,0.2,16.7,0,0
2018-05-25,FRI,MAY,2018,1,0,0.0,18.4,0,0
2018-05-26,SAT,MAY,2018,1,0,0.0,19.6,0,0
2018-05-27,SUN,MAY,2018,1,0,0.0,20.6,0,0
2018-05-28,MON,MAY,2018,1,0,0.0,22.1,0,0
2018-05-29,TUE,MAY,2018,1,0,0.0,20.6,0,0
2018-05-30,WED,MAY,2018,1,0,0.0,21.5,0,0
2018-05-31,THU,MAY,2018,1,1,1.2,21.9,0,0
2018-06-01,FRI,JUN,2018,1,0,0.0,19.8,0,0
2018-06-02,SAT,JUN,2018,1,0,5.2,19.8,0,0
2018-06-03,SUN,JUN,2018,0,0,0.0,20.3,0,0
2018-06-04,MON,JUN,2018,0,0,0.0,21.6,0,0
2018-06-05,TUE,JUN,2018,0,0,0.0,21.8,0,0
2018-06-06,WED,JUN,2018,0,0,0.0,22.1,0,0
2018-06-07,THU,JUN,2018,0,0,0.0,21.1,0,0
2018-06-08,FRI,JUN,2018,0,0,0.0,21.7,0,0
2018-06-09,SAT,JUN,2018,0,0,5.8,21.7,0,0
2018-06-10,SUN,JUN,2018,0,0,0.5,22.1,0,0
2018-06-11,MON,JUN,2018,0,0,44.3,20.2,0,0
2018-06-12,TUE,JUN,2018,0,0,0.2,17.5,0,0
2018-06-13,WED,JUN,2018,0,0,0.0,14.9,0,0
2018-06-14,THU,JUN,2018,0,0,0.0,15.7,0,0
2018-06-15,FRI,JUN,2018,0,0,0.0,16.8,0,0
2018-06-16,SAT,JUN,2018,0,0,0.0,18.7,0,0
2018-06-17,SUN,JUN,2018,0,0,0.0,18.3,0,0
2018-06-18,MON,JUN,2018,0,0,0.0,18.5,0,0
2018-06-19,TUE,JUN,2018,0,0,0.0,19.9,0,0
2018-06-20,WED,JUN,2018,0,0,0.0,22.1,0,0
2018-06-21,THU,JUN,2018,0,0,0.0,19.4,1,0
2018-06-22,FRI,JUN,2018,0,0,0.0,13.2,1,0
2018-06-23,SAT,JUN,2018,0,0,0.0,13.9,1,0
2018-06-24,SUN,JUN,2018,0,0,0.0,15.5,1,0
2018-06-25,MON,JUN,2018,0,0,0.2,17.2,1,0
2018-06-26,TUE,JUN,2018,0,0,0.0,17.2,1,0
2018-06-27,WED,JUN,2018,0,0,0.0,18.4,1,0
2018-06-28,THU,JUN,2018,0,0,0.7,17.7,0,1
2018-06-29,FRI,JUN,2018,0,0,0.1,21.8,0,1
2018-06-30,SAT,JUN,2018,0,0,0.0,20.9,0,1
2018-07-01,SUN,JUL,2018,0,0,0.0,18.8,0,1
2018-07-02,MON,JUL,2018,0,0,0.0,18.3,0,1
2018-07-03,TUE,JUL,2018,0,0,0.0,19.8,0,1
2018-07-04,WED,JUL,2018,0,0,0.0,21.0,0,1
2018-07-05,THU,JUL,2018,0,0,5.2,19.9,0,0
2018-07-06,FRI,JUL,2018,0,0,0.5,20.3,0,0
2018-07-07,SAT,JUL,2018,0,0,0.0,19.7,0,0
2018-07-08,SUN,JUL,2018,0,0,0.0,20.2,0,0
2018-07-09,MON,JUL,2018,0,0,0.1,20.3,0,0
2018-07-10,TUE,JUL,2018,0,0,0.6,17.4,0,0
2018-07-11,WED,JUL,2018,0,0,1.1,15.4,0,0
2018-07-12,THU,JUL,2018,0,0,0.0,18.7,0,0
2018-07-13,FRI,JUL,2018,0,0,0.0,21.1,0,0
2018-07-14,SAT,JUL,2018,0,0,0.0,20.9,0,0
2018-07-15,SUN,JUL,2018,0,0,6.4,19.2,0,0
2018-07-16,MON,JUL,2018,0,0,0.0,20.1,0,0
2018-07-17,TUE,JUL,2018,0,0,0.0,21.9,0,0
2018-07-18,WED,JUL,2018,0,0,0.0,21.8,0,0
2018-07-19,THU,JUL,2018,0,0,0.0,20.9,0,0
2018-07-20,FRI,JUL,2018,0,0,0.0,22.9,0,0
2018-07-21,SAT,JUL,2018,0,0,2.9,19.6,0,0
2018-07-22,SUN,JUL,2018,0,0,0.6,19.6,0,0
2018-07-23,MON,JUL,2018,0,0,0.0,22.2,0,0
2018-07-24,TUE,JUL,2018,0,0,0.0,23.7,0,0
2018-07-25,WED,JUL,2018,0,0,0.0,24.7,0,0
2018-07-26,THU,JUL,2018,1,0,0.0,25.0,1,0
2018-07-27,FRI,JUL,2018,1,0,0.0,24.3,1,0
2018-07-28,SAT,JUL,2018,1,0,0.1,23.9,1,0
2018-07-29,SUN,JUL,2018,1,0,0.0,24.3,1,0
2018-07-30,MON,JUL,2018,1,0,0.0,25.8,1,0
2018-07-31,TUE,JUL,2018,1,0,0.1,27.7,1,0
2018-08-01,WED,AUG,2018,1,0,3.9,25.5,1,0
2018-08-02,THU,AUG,2018,1,0,0.0,24.9,0,1
2018-08-03,FRI,AUG,2018,1,0,0.0,26.8,0,1
2018-08-04,SAT,AUG,2018,1,0,0.0,27.2,0,1
2018-08-05,SUN,AUG,2018,1,0,0.0,25.4,0,1
2018-08-06,MON,AUG,2018,1,0,0.0,24.9,0,1
2018-08-07,TUE,AUG,2018,1,0,0.0,25.6,0,1
2018-08-08,WED,AUG,2018,1,0,0.0,25.3,0,1
2018-08-09,THU,AUG,2018,1,0,0.2,23.9,0,0
2018-08-10,FRI,AUG,2018,1,0,0.0,19.9,0,0
2018-08-11,SAT,AUG,2018,1,0,0.0,18.9,0,0
2018-08-12,SUN,AUG,2018,1,0,0.0,19.9,0,0
2018-08-13,MON,AUG,2018,1,0,0.4,18.8,0,0
2018-08-14,TUE,AUG,2018,1,0,0.7,19.1,0,0
2018-08-15,WED,AUG,2018,1,0,0.0,19.7,0,0
2018-08-16,THU,AUG,2018,1,0,0.0,21.8,0,0
2018-08-17,FRI,AUG,2018,1,0,3.1,23.6,0,0
2018-08-18,SAT,AUG,2018,1,0,0.0,21.9,0,0
2018-08-19,SUN,AUG,2018,1,0,0.0,23.1,0,0
2018-08-20,MON,AUG,2018,1,0,0.0,22.4,0,0
2018-08-21,TUE,AUG,2018,1,0,0.0,22.6,0,0
2018-08-22,WED,AUG,2018,1,0,0.0,23.7,0,0
2018-08-23,THU,AUG,2018,1,0,5.0,21.9,1,0
2018-08-24,FRI,AUG,2018,1,0,0.6,17.8,1,0
2018-08-25,SAT,AUG,2018,1,0,1.2,13.3,1,0
2018-08-26,SUN,AUG,2018,1,0,0.0,13.1,1,0
2018-08-27,MON,AUG,2018,1,0,0.1,17.1,1,0
2018-08-28,TUE,AUG,2018,1,0,0.0,18.6,1,0
2018-08-29,WED,AUG,2018,1,0,0.1,20.8,1,0
2018-08-30,THU,AUG,2018,1,0,0.0,18.5,0,1
2018-08-31,FRI,AUG,2018,1,0,0.0,15.6,0,1
2018-09-01,SAT,SEP,2018,1,0,0.0,16.8,0,1
2018-09-02,SUN,SEP,2018,1,0,1.6,16.3,0,1
2018-09-03,MON,SEP,2018,1,0,1.2,16.1,0,1
2018-09-04,TUE,SEP,2018,1,0,0.0,18.8,0,1
2018-09-05,WED,SEP,2018,1,0,0.0,19.4,0,1
2018-09-06,THU,SEP,2018,1,0,12.0,18.0,0,0
2018-09-07,FRI,SEP,2018,1,0,0.6,17.6,0,0
2018-09-08,SAT,SEP,2018,1,0,0.0,16.2,0,0
2018-09-09,SUN,SEP,2018,0,0,0.0,16.3,0,0
2018-09-10,MON,SEP,2018,0,0,0.0,18.0,0,0
2018-09-11,TUE,SEP,2018,0,0,0.0,18.9,0,0
2018-09-12,WED,SEP,2018,0,0,0.0,20.9,0,0
2018-09-13,THU,SEP,2018,0,0,2.7,18.2,0,0
2018-09-14,FRI,SEP,2018,0,0,0.0,17.0,0,0
2018-09-15,SAT,SEP,2018,0,0,0.0,16.2,0,0
2018-09-16,SUN,SEP,2018,0,0,0.0,15.4,0,0
2018-09-17,MON,SEP,2018,0,0,0.0,17.3,0,0
2018-09-18,TUE,SEP,2018,0,0,0.0,19.7,0,0
2018-09-19,WED,SEP,2018,0,0,0.0,21.5,0,0
2018-09-20,THU,SEP,2018,0,0,0.0,20.7,0,0
2018-09-21,FRI,SEP,2018,0,0,1.3,17.5,0,0
2018-09-22,SAT,SEP,2018,0,0,3.5,13.6,0,0
2018-09-23,SUN,SEP,2018,0,0,14.0,14.4,0,0
2018-09-24,MON,SEP,2018,0,0,0.0,10.0,0,0
2018-09-25,TUE,SEP,2018,0,0,0.0,7.6,0,0
2018-09-26,WED,SEP,2018,0,0,0.0,8.3,0,0
2018-09-27,THU,SEP,2018,0,0,0.0,12.3,0,0
2018-09-28,FRI,SEP,2018,0,0,0.0,13.5,0,0
2018-09-29,SAT,SEP,2018,0,0,0.0,9.5,0,0
2018-09-30,SUN,SEP,2018,0,0,0.0,9.1,0,0
2018-10-01,MON,OCT,2018,0,0,0.1,9.4,0,0
2018-10-02,TUE,OCT,2018,0,0,0.1,7.7,0,0
2018-10-03,WED,OCT,2018,0,1,0.0,12.0,0,0
2018-10-04,THU,OCT,2018,0,0,0.0,9.6,0,0
2018-10-05,FRI,OCT,2018,0,0,0.0,11.7,0,0
2018-10-06,SAT,OCT,2018,0,0,0.0,14.7,0,0
2018-10-07,SUN,OCT,2018,0,0,0.0,15.1,0,0
2018-10-08,MON,OCT,2018,0,0,0.0,12.1,0,0
2018-10-09,TUE,OCT,2018,0,0,0.0,12.1,0,0
2018-10-10,WED,OCT,2018,0,0,0.0,13.2,0,0
2018-10-11,THU,OCT,2018,0,0,0.0,14.0,0,0
2018-10-12,FRI,OCT,2018,0,0,0.0,16.9,0,0
2018-10-13,SAT,OCT,2018,0,0,0.0,15.0,0,0
2018-10-14,SUN,OCT,2018,0,0,0.0,13.4,0,0
2018-10-15,MON,OCT,2018,0,0,0.0,12.3,0,0
2018-10-16,TUE,OCT,2018,0,0,0.0,13.0,0,0
2018-10-17,WED,OCT,2018,0,0,0.0,12.1,0,0
2018-10-18,THU,OCT,2018,0,0,0.0,12.6,0,0
2018-10-19,FRI,OCT,2018,0,0,0.0,11.0,0,0
2018-10-20,SAT,OCT,2018,0,0,0.0,10.5,0,0
2018-10-21,SUN,OCT,2018,0,0,0.0,7.2,0,0
2018-10-22,MON,OCT,2018,0,0,0.0,7.3,0,0
2018-10-23,TUE,OCT,2018,0,0,0.0,8.5,0,0
2018-10-24,WED,OCT,2018,0,0,2.2,11.1,0,0
2018-10-25,THU,OCT,2018,0,0,0.1,12.0,0,0
2018-10-26,FRI,OCT,2018,0,0,1.2,10.0,0,0
2018-10-27,SAT,OCT,2018,0,0,1.3,7.0,0,0
2018-10-28,SUN,OCT,2018,0,0,5.0,4.4,0,0
2018-10-29,MON,OCT,2018,1,0,0.9,5.3,0,0
2018-10-30,TUE,OCT,2018,1,0,2.4,6.1,0,0
2018-10-31,WED,OCT,2018,1,0,0.0,6.1,0,0
2018-11-01,THU,NOV,2018,1,1,0.4,5.1,0,0
2018-11-02,FRI,NOV,2018,1,0,0.0,7.7,0,0
2018-11-03,SAT,NOV,2018,0,0,0.0,8.9,0,0
2018-11-04,SUN,NOV,2018,0,0,0.0,10.3,0,0
2018-11-05,MON,NOV,2018,0,0,0.0,10.7,0,0
2018-11-06,TUE,NOV,2018,0,0,0.0,8.5,0,0
2018-11-07,WED,NOV,2018,0,0,0.2,8.1,0,0
2018-11-08,THU,NOV,2018,0,0,0.1,9.4,0,0
2018-11-09,FRI,NOV,2018,0,0,0.0,8.8,0,0
2018-11-10,SAT,NOV,2018,0,0,0.5,9.9,0,0
2018-11-11,SUN,NOV,2018,0,0,1.8,10.9,0,0
2018-11-12,MON,NOV,2018,0,0,0.2,12.8,0,0
2018-11-13,TUE,NOV,2018,0,0,1.0,9.6,0,0
2018-11-14,WED,NOV,2018,0,0,0.0,4.9,0,0
2018-11-15,THU,NOV,2018,0,0,0.0,4.6,0,0
2018-11-16,FRI,NOV,2018,0,0,0.0,3.3,0,0
2018-11-17,SAT,NOV,2018,0,0,0.0,3.1,0,0
2018-11-18,SUN,NOV,2018,0,0,0.0,2.7,0,0
2018-11-19,MON,NOV,2018,0,0,0.0,1.7,0,0
2018-11-20,TUE,NOV,2018,0,0,0.0,1.6,0,0
2018-11-21,WED,NOV,2018,0,0,0.0,1.2,0,0
2018-11-22,THU,NOV,2018,0,0,0.0,1.4,0,0
2018-11-23,FRI,NOV,2018,0,0,1.0,0.0,0,0
2018-11-24,SAT,NOV,2018,0,0,0.0,5.3,0,0
2018-11-25,SUN,NOV,2018,0,0,0.0,4.5,0,0
2018-11-26,MON,NOV,2018,0,0,2.1,4.4,0,0
2018-11-27,TUE,NOV,2018,0,0,0.4,2.6,0,0
2018-11-28,WED,NOV,2018,0,0,0.5,1.9,0,0
2018-11-29,THU,NOV,2018,0,0,0.0,3.4,0,0
2018-11-30,FRI,NOV,2018,0,0,4.4,2.3,0,0
2018-12-01,SAT,DEC,2018,0,0,0.4,6.9,0,0
2018-12-02,SUN,DEC,2018,0,0,27.5,9.5,0,0
2018-12-03,MON,DEC,2018,0,0,55.4,10.9,0,0
2018-12-04,TUE,DEC,2018,0,0,1.8,6.1,0,0
2018-12-05,WED,DEC,2018,0,0,1.7,1.6,0,0
2018-12-06,THU,DEC,2018,0,0,0.2,7.6,0,0
2018-12-07,FRI,DEC,2018,0,0,2.3,10.6,0,0
2018-12-08,SAT,DEC,2018,0,0,13.6,6.3,0,0
2018-12-09,SUN,DEC,2018,0,0,5.8,7.1,0,0
2018-12-10,MON,DEC,2018,0,0,0.9,4.1,0,0
2018-12-11,TUE,DEC,2018,0,0,0.0,2.5,0,0
2018-12-12,WED,DEC,2018,0,0,0.0,2.1,0,0
2018-12-13,THU,DEC,2018,0,0,0.0,-0.1,0,0
2018-12-14,FRI,DEC,2018,0,0,0.0,-0.1,0,0
2018-12-15,SAT,DEC,2018,0,0,0.0,-0.8,0,0
2018-12-16,SUN,DEC,2018,0,0,2.3,-0.9,0,0
2018-12-17,MON,DEC,2018,0,0,0.6,3.0,0,0
2018-12-18,TUE,DEC,2018,0,0,0.0,3.6,0,0
2018-12-19,WED,DEC,2018,0,0,1.8,0.7,0,0
2018-12-20,THU,DEC,2018,0,0,2.5,4.8,0,0
2018-12-21,FRI,DEC,2018,0,0,9.7,8.5,0,0
2018-12-22,SAT,DEC,2018,0,0,4.0,9.5,0,0
2018-12-23,SUN,DEC,2018,0,0,20.0,8.0,0,0
2018-12-24,MON,DEC,2018,1,0,0.3,4.7,0,0
2018-12-25,TUE,DEC,2018,1,1,0.0,-0.7,0,0
2018-12-26,WED,DEC,2018,1,1,0.0,-1.5,0,0
2018-12-27,THU,DEC,2018,1,0,0.0,-0.7,0,0
2018-12-28,FRI,DEC,2018,1,0,0.0,-0.7,0,0
2018-12-29,SAT,DEC,2018,1,0,1.7,0.6,0,0
2018-12-30,SUN,DEC,2018,1,0,0.6,4.3,0,0
2018-12-31,MON,DEC,2018,1,0,0.4,5.5,0,0
2019-01-01,TUE,JAN,2019,1,1,3.7,5.5,0,0
2019-01-02,WED,JAN,2019,1,0,1.4,1.8,0,0
2019-01-03,THU,JAN,2019,1,0,0.5,-2.4,0,0
2019-01-04,FRI,JAN,2019,1,0,4.1,0.0,0,0
2019-01-05,SAT,JAN,2019,1,0,6.8,2.1,0,0
2019-01-06,SUN,JAN,2019,0,1,1.5,5.3,0,0
2019-01-07,MON,JAN,2019,0,0,1.9,3.8,0,0
2019-01-08,TUE,JAN,2019,0,0,4.6,3.7,0,0
2019-01-09,WED,JAN,2019,0,0,1.8,1.2,0,0
2019-01-10,THU,JAN,2019,0,0,0.0,0.6,0,0
2019-01-11,FRI,JAN,2019,0,0,5.7,-1.0,0,0
2019-01-12,SAT,JAN,2019,0,0,7.6,1.6,0,0
2019-01-13,SUN,JAN,2019,0,0,11.2,5.7,0,0
2019-01-14,MON,JAN,2019,0,0,2.5,3.8,0,0
2019-01-15,TUE,JAN,2019,0,0,0.3,3.0,0,0
2019-01-16,WED,JAN,2019,0,0,0.0,3.4,0,0
2019-01-17,THU,JAN,2019,0,0,4.4,4.8,0,0
2019-01-18,FRI,JAN,2019,0,0,0.0,-0.1,0,0
2019-01-19,SAT,JAN,2019,0,0,0.0,-3.8,0,0
2019-01-20,SUN,JAN,2019,0,0,0.0,-6.4,0,0
2019-01-21,MON,JAN,2019,0,0,0.0,-5.7,0,0
2019-01-22,TUE,JAN,2019,0,0,0.0,-4.5,0,0
2019-01-23,WED,JAN,2019,0,0,0.7,-3.3,0,0
2019-01-24,THU,JAN,2019,0,0,0.5,-3.8,0,0
2019-01-25,FRI,JAN,2019,0,0,1.6,-2.7,0,0
2019-01-26,SAT,JAN,2019,0,0,1.3,1.9,0,0
2019-01-27,SUN,JAN,2019,0,0,5.8,4.8,0,0
2019-01-28,MON,JAN,2019,0,0,3.3,1.4,0,0
2019-01-29,TUE,JAN,2019,0,0,0.0,0.6,0,0
2019-01-30,WED,JAN,2019,0,0,0.5,0.4,0,0
2019-01-31,THU,JAN,2019,0,0,1.4,-1.8,0,0
2019-02-01,FRI,FEB,2019,0,0,2.4,1.5,0,0
2019-02-02,SAT,FEB,2019,0,0,0.2,2.2,0,0
2019-02-03,SUN,FEB,2019,0,0,0.2,1.8,0,0
2019-02-04,MON,FEB,2019,0,0,0.0,0.4,0,0
2019-02-05,TUE,FEB,2019,0,0,0.0,1.1,0,0
2019-02-06,WED,FEB,2019,0,0,0.0,-0.6,0,0
2019-02-07,THU,FEB,2019,0,0,1.2,-0.5,0,0
2019-02-08,FRI,FEB,2019,0,0,1.1,5.3,0,0
2019-02-09,SAT,FEB,2019,0,0,1.8,6.7,0,0
2019-02-10,SUN,FEB,2019,0,0,9.8,7.2,0,0
2019-02-11,MON,FEB,2019,0,0,1.3,3.6,0,0
2019-02-12,TUE,FEB,2019,0,0,0.0,2.7,0,0
2019-02-13,WED,FEB,2019,0,0,0.0,2.1,0,0
2019-02-14,THU,FEB,2019,0,0,0.0,0.7,0,0
2019-02-15,FRI,FEB,2019,0,0,0.0,1.9,0,0
2019-02-16,SAT,FEB,2019,0,0,0.0,2.7,0,0
2019-02-17,SUN,FEB,2019,0,0,0.0,3.4,0,0
2019-02-18,MON,FEB,2019,0,0,0.0,3.4,0,0
2019-02-19,TUE,FEB,2019,0,0,0.0,3.9,0,0
2019-02-20,WED,FEB,2019,0,0,0.0,3.1,0,0
2019-02-21,THU,FEB,2019,0,0,0.1,5.3,0,0
2019-02-22,FRI,FEB,2019,0,0,0.0,8.8,0,0
2019-02-23,SAT,FEB,2019,0,0,0.0,3.3,0,0
2019-02-24,SUN,FEB,2019,0,0,0.0,2.3,0,0
2019-02-25,MON,FEB,2019,0,0,0.0,4.1,0,0
2019-02-26,TUE,FEB,2019,0,0,0.0,5.9,0,0
2019-02-27,WED,FEB,2019,0,0,0.0,6.1,0,0
2019-02-28,THU,FEB,2019,0,0,2.1,10.1,0,0
2019-03-01,FRI,MAR,2019,0,0,3.1,8.4,0,0
2019-03-02,SAT,MAR,2019,0,0,0.0,7.0,0,0
2019-03-03,SUN,MAR,2019,0,0,0.1,10.0,0,0
2019-03-04,MON,MAR,2019,1,0,2.6,8.2,0,0
2019-03-05,TUE,MAR,2019,1,0,3.4,5.5,0,0
2019-03-06,WED,MAR,2019,1,0,0.0,9.1,0,0
2019-03-07,THU,MAR,2019,1,0,1.9,9.4,0,0
2019-03-08,FRI,MAR,2019,1,0,5.4,6.2,0,0
2019-03-09,SAT,MAR,2019,0,0,3.9,7.9,0,0
2019-03-10,SUN,MAR,2019,0,0,8.1,9.5,0,0
2019-03-11,MON,MAR,2019,0,0,1.5,4.5,0,0
2019-03-12,TUE,MAR,2019,0,0,1.0,6.3,0,0
2019-03-13,WED,MAR,2019,0,0,2.9,6.0,0,0
2019-03-14,THU,MAR,2019,0,0,16.4,4.8,0,0
2019-03-15,FRI,MAR,2019,0,0,10.8,8.2,0,0
2019-03-16,SAT,MAR,2019,0,0,1.3,9.4,0,0
2019-03-17,SUN,MAR,2019,0,0,1.8,7.2,0,0
2019-03-18,MON,MAR,2019,0,0,0.8,4.0,0,0
2019-03-19,TUE,MAR,2019,0,0,0.0,4.0,0,0
2019-03-20,WED,MAR,2019,0,0,0.0,3.7,0,0
2019-03-21,THU,MAR,2019,0,0,0.0,6.0,0,0
2019-03-22,FRI,MAR,2019,0,0,0.0,7.9,0,0
2019-03-23,SAT,MAR,2019,0,0,0.0,9.5,0,0
2019-03-24,SUN,MAR,2019,0,0,0.0,7.6,0,0
2019-03-25,MON,MAR,2019,0,0,1.0,5.0,0,0
2019-03-26,TUE,MAR,2019,0,0,0.0,5.1,0,0
2019-03-27,WED,MAR,2019,0,0,0.0,7.0,0,0
2019-03-28,THU,MAR,2019,0,0,0.0,7.9,0,0
2019-03-29,FRI,MAR,2019,0,0,0.0,10.5,0,0
2019-03-30,SAT,MAR,2019,0,0,0.0,9.6,0,0
2019-03-31,SUN,MAR,2019,0,0,0.0,10.9,0,0
2019-04-01,MON,APR,2019,0,0,0.0,10.1,0,0
2019-04-02,TUE,APR,2019,0,0,0.9,11.6,0,0
2019-04-03,WED,APR,2019,0,0,2.8,10.2,0,0
2019-04-04,THU,APR,2019,0,0,0.2,5.7,0,0
2019-04-05,FRI,APR,2019,0,0,0.1,6.3,0,0
2019-04-06,SAT,APR,2019,0,0,0.0,10.2,0,0
2019-04-07,SUN,APR,2019,0,0,0.0,11.6,0,0
2019-04-08,MON,APR,2019,0,0,0.3,11.5,0,0
2019-04-09,TUE,APR,2019,0,0,8.0,11.7,0,0
2019-04-10,WED,APR,2019,0,0,0.0,9.6,0,0
2019-04-11,THU,APR,2019,0,0,0.0,6.7,1,0
2019-04-12,FRI,APR,2019,0,0,0.0,4.5,1,0
2019-04-13,SAT,APR,2019,0,0,1.0,3.9,1,0
2019-04-14,SUN,APR,2019,0,0,0.0,5.2,1,0
2019-04-15,MON,APR,2019,1,0,0.0,9.4,1,0
2019-04-16,TUE,APR,2019,1,0,0.0,10.8,1,0
2019-04-17,WED,APR,2019,1,0,0.0,13.1,1,0
2019-04-18,THU,APR,2019,1,0,0.0,13.1,0,1
2019-04-19,FRI,APR,2019,1,1,0.0,13.9,0,1
2019-04-20,SAT,APR,2019,1,0,0.0,13.8,0,1
2019-04-21,SUN,APR,2019,1,1,0.0,13.8,0,1
2019-04-22,MON,APR,2019,1,1,0.0,14.8,0,1
2019-04-23,TUE,APR,2019,1,0,0.0,15.8,0,1
2019-04-24,WED,APR,2019,1,0,0.0,15.6,0,1
2019-04-25,THU,APR,2019,1,0,0.0,15.6,0,0
2019-04-26,FRI,APR,2019,1,0,4.3,9.0,0,0
2019-04-27,SAT,APR,2019,1,0,11.6,9.0,0,0
2019-04-28,SUN,APR,2019,0,0,0.0,7.8,0,0
2019-04-29,MON,APR,2019,0,0,9.1,7.5,0,0
2019-04-30,TUE,APR,2019,0,0,0.0,11.3,0,0
