date,weekday,month,year,is_holiday,is_closed,weekend,wind,clouds,rain,sunshine,temperature
2013-10-04,FRI,OCT,2013,0,0,0,1.9,7.7,0.1,150,15.9
2013-10-05,SAT,OCT,2013,0,0,1,2.7,6.9,10.7,0,13.2
2013-10-06,SUN,OCT,2013,0,0,1,1.4,8.0,0.4,0,10.6
2013-10-07,MON,OCT,2013,0,0,0,2.3,6.4,0.0,176,13.3
2013-10-08,TUE,OCT,2013,0,0,0,1.7,8.0,0.0,0,13.5
2013-10-09,WED,OCT,2013,0,0,0,2.1,7.7,0.0,17,14.0
2013-10-10,THU,OCT,2013,0,0,0,3.0,6.8,4.3,0,7.1
2013-10-11,FRI,OCT,2013,0,0,0,1.6,5.6,1.3,70,7.2
2013-10-12,SAT,OCT,2013,0,0,1,1.5,7.2,0.3,85,5.0
2013-10-13,SUN,OCT,2013,0,0,1,2.1,4.3,0.0,244,9.4
2013-10-14,MON,OCT,2013,0,0,0,3.0,7.7,0.8,68,13.4
2013-10-15,TUE,OCT,2013,0,0,0,2.5,5.4,22.1,0,10.6
2013-10-16,WED,OCT,2013,0,0,0,2.6,7.1,0.0,86,10.9
2013-10-17,THU,OCT,2013,0,0,0,4.4,6.0,0.0,216,14.4
2013-10-18,FRI,OCT,2013,0,0,0,1.7,2.9,0.0,252,13.4
2013-10-19,SAT,OCT,2013,0,0,1,3.6,3.5,0.0,474,17.8
2013-10-20,SUN,OCT,2013,0,0,1,2.2,6.2,4.9,6,14.9
2013-10-21,MON,OCT,2013,0,0,0,2.1,6.9,0.0,89,16.8
2013-10-22,TUE,OCT,2013,0,0,0,3.3,3.8,0.0,221,19.4
2013-10-23,WED,OCT,2013,0,0,0,3.3,7.6,1.3,0,15.6
2013-10-24,THU,OCT,2013,0,0,0,1.9,1.1,0.0,381,16.2
2013-10-25,FRI,OCT,2013,0,0,0,2.9,5.4,0.0,121,16.5
2013-10-26,SAT,OCT,2013,0,0,1,2.8,3.9,0.0,352,19.9
2013-10-27,SUN,OCT,2013,0,0,1,5.5,5.8,4.8,326,15.7
2013-10-28,MON,OCT,2013,0,0,0,5.5,7.0,0.0,132,18.8
2013-10-29,TUE,OCT,2013,0,0,0,3.3,3.9,0.0,232,12.2
2013-10-30,WED,OCT,2013,0,0,0,2.0,1.5,0.0,333,9.5
2013-10-31,THU,OCT,2013,0,0,0,1.5,0.0,0.0,411,9.7
2013-11-01,FRI,NOV,2013,1,0,0,2.6,7.7,0.0,0,8.5
2013-11-02,SAT,NOV,2013,0,0,1,4.4,7.1,0.0,60,15.1
2013-11-03,SUN,NOV,2013,0,0,1,4.8,3.0,0.0,258,9.0
2013-11-04,MON,NOV,2013,0,0,0,5.1,7.6,0.1,19,11.4
2013-11-05,TUE,NOV,2013,0,0,0,3.5,4.4,0.3,314,8.2
2013-11-06,WED,NOV,2013,0,0,0,2.8,7.8,1.1,0,11.6
2013-11-07,THU,NOV,2013,0,0,0,4.0,6.8,0.0,82,15.4
2013-11-08,FRI,NOV,2013,0,0,0,2.2,7.9,3.8,0,13.3
2013-11-09,SAT,NOV,2013,0,0,1,3.7,3.2,0.0,151,8.6
2013-11-10,SUN,NOV,2013,0,0,1,3.9,7.7,16.2,0,4.8
2013-11-11,MON,NOV,2013,0,0,0,1.5,5.2,0.0,19,5.3
2013-11-12,TUE,NOV,2013,0,0,0,2.3,2.8,0.0,244,4.0
2013-11-13,WED,NOV,2013,0,0,0,1.4,8.0,0.0,0,4.9
2013-11-14,THU,NOV,2013,0,0,0,2.7,7.8,0.4,0,4.5
2013-11-15,FRI,NOV,2013,0,0,0,3.8,7.7,0.0,0,4.2
2013-11-16,SAT,NOV,2013,0,0,1,2.9,8.0,0.0,0,5.4
2013-11-17,SUN,NOV,2013,0,0,1,1.9,8.0,0.0,0,5.9
2013-11-18,MON,NOV,2013,0,0,0,1.2,0.1,0.0,367,7.1
2013-11-19,TUE,NOV,2013,0,0,0,2.5,7.8,3.9,0,3.2
2013-11-20,WED,NOV,2013,0,0,0,2.8,7.9,1.8,0,3.7
2013-11-21,THU,NOV,2013,0,0,0,2.2,8.0,0.0,0,3.3
2013-11-22,FRI,NOV,2013,0,0,0,2.8,8.0,1.6,0,4.0
2013-11-23,SAT,NOV,2013,0,0,1,3.9,8.0,0.0,0,5.3
2013-11-24,SUN,NOV,2013,0,0,1,3.9,8.0,0.1,7,4.7
2013-11-25,MON,NOV,2013,0,0,0,2.4,3.6,0.7,314,1.2
2013-11-26,TUE,NOV,2013,0,0,0,3.0,5.5,0.0,125,-0.3
2013-11-27,WED,NOV,2013,0,0,0,1.5,1.9,0.0,288,-1.9
2013-11-28,THU,NOV,2013,0,0,0,1.1,7.8,0.4,0,0.3
2013-11-29,FRI,NOV,2013,0,0,0,3.4,7.9,0.0,0,4.4
2013-11-30,SAT,NOV,2013,0,0,1,2.4,7.5,0.0,116,3.9
2013-12-01,SUN,DEC,2013,0,0,1,1.4,7.3,0.0,50,3.5
2013-12-02,MON,DEC,2013,0,0,0,4.7,1.8,0.0,293,4.4
2013-12-03,TUE,DEC,2013,0,0,0,1.8,0.4,0.0,348,0.6
2013-12-04,WED,DEC,2013,0,0,0,3.3,7.9,0.0,20,2.6
2013-12-05,THU,DEC,2013,0,0,0,4.8,6.4,0.0,173,6.6
2013-12-06,FRI,DEC,2013,0,0,0,8.5,7.1,0.9,85,2.5
2013-12-07,SAT,DEC,2013,0,0,1,3.5,7.8,0.7,0,3.9
2013-12-08,SUN,DEC,2013,0,0,1,3.1,7.8,0.0,6,6.1
2013-12-09,MON,DEC,2013,0,0,0,2.4,2.3,0.0,246,7.2
2013-12-10,TUE,DEC,2013,0,0,0,1.5,0.0,0.0,362,6.1
2013-12-11,WED,DEC,2013,0,0,0,1.7,1.9,0.0,358,3.7
2013-12-12,THU,DEC,2013,0,0,0,1.1,8.0,0.0,0,-0.7
2013-12-13,FRI,DEC,2013,0,0,0,1.5,5.8,0.0,299,-0.1
2013-12-14,SAT,DEC,2013,0,0,1,1.9,7.0,2.2,0,2.7
2013-12-15,SUN,DEC,2013,0,0,1,2.4,4.6,0.0,143,3.8
2013-12-16,MON,DEC,2013,0,0,0,3.8,0.9,0.0,349,6.8
2013-12-17,TUE,DEC,2013,0,0,0,2.6,0.2,0.0,377,6.0
2013-12-18,WED,DEC,2013,0,0,0,3.7,7.4,0.0,38,5.6
2013-12-19,THU,DEC,2013,0,0,0,3.6,7.3,0.2,0,8.8
2013-12-20,FRI,DEC,2013,0,0,0,2.8,4.2,0.0,0,6.0
2013-12-21,SAT,DEC,2013,0,0,1,3.5,5.6,0.0,192,3.4
2013-12-22,SUN,DEC,2013,0,0,1,3.6,6.8,0.4,44,10.3
2013-12-23,MON,DEC,2013,0,0,0,3.2,3.5,0.0,258,9.7
2013-12-24,TUE,DEC,2013,0,0,0,3.8,6.5,0.0,152,11.8
2013-12-25,WED,DEC,2013,1,1,0,4.2,7.0,3.9,0,7.0
2013-12-26,THU,DEC,2013,1,0,0,4.7,7.8,8.1,0,5.0
2013-12-27,FRI,DEC,2013,0,0,0,4.4,2.1,0.0,348,6.1
2013-12-28,SAT,DEC,2013,0,0,1,3.2,5.3,4.5,0,7.2
2013-12-29,SUN,DEC,2013,0,0,1,3.4,6.1,0.3,138,5.1
2013-12-30,MON,DEC,2013,0,0,0,3.4,0.8,0.0,378,2.9
2013-12-31,TUE,DEC,2013,0,0,0,3.2,2.0,0.0,365,3.1
2014-01-01,WED,JAN,2014,1,0,0,4.6,4.5,0.0,265,6.0
2014-01-02,THU,JAN,2014,0,0,0,4.3,5.2,0.2,25,7.4
2014-01-03,FRI,JAN,2014,0,0,0,3.8,6.8,0.3,26,8.4
2014-01-04,SAT,JAN,2014,0,0,1,2.1,6.0,1.4,0,7.0
2014-01-05,SUN,JAN,2014,0,0,1,3.1,4.9,0.0,68,5.2
2014-01-06,MON,JAN,2014,1,0,0,3.8,7.0,0.0,71,8.4
2014-01-07,TUE,JAN,2014,0,0,0,2.7,6.4,0.0,99,11.9
2014-01-08,WED,JAN,2014,0,0,0,2.7,4.1,0.0,207,12.2
2014-01-09,THU,JAN,2014,0,0,0,4.8,6.8,1.7,150,13.1
2014-01-10,FRI,JAN,2014,0,0,0,3.0,2.4,0.0,219,6.5
2014-01-11,SAT,JAN,2014,0,0,1,2.9,7.5,1.5,0,4.8
2014-01-12,SUN,JAN,2014,0,0,1,1.3,4.9,0.0,142,2.0
2014-01-13,MON,JAN,2014,0,0,0,1.8,7.5,5.0,34,5.9
2014-01-14,TUE,JAN,2014,0,0,0,1.6,7.5,1.5,0,5.0
2014-01-15,WED,JAN,2014,0,0,0,3.1,6.0,0.0,283,5.2
2014-01-16,THU,JAN,2014,0,0,0,3.6,5.7,2.6,0,7.4
2014-01-17,FRI,JAN,2014,0,0,0,3.1,3.0,0.0,151,6.3
2014-01-18,SAT,JAN,2014,0,0,1,2.3,5.8,0.0,146,3.0
2014-01-19,SUN,JAN,2014,0,0,1,1.8,6.4,0.0,50,2.6
2014-01-20,MON,JAN,2014,0,0,0,2.2,7.9,0.0,0,3.4
2014-01-21,TUE,JAN,2014,0,0,0,2.1,7.8,5.2,0,3.6
2014-01-22,WED,JAN,2014,0,0,0,1.2,8.0,0.0,0,4.2
2014-01-23,THU,JAN,2014,0,0,0,2.0,7.9,1.0,0,3.7
2014-01-24,FRI,JAN,2014,0,0,0,3.7,7.8,1.3,0,2.0
2014-01-25,SAT,JAN,2014,0,0,1,1.9,7.8,0.0,3,2.8
2014-01-26,SUN,JAN,2014,0,0,1,5.4,6.2,0.0,126,4.5
2014-01-27,MON,JAN,2014,0,0,0,3.2,4.6,1.2,130,2.6
2014-01-28,TUE,JAN,2014,0,0,0,3.3,1.3,0.0,405,3.5
2014-01-29,WED,JAN,2014,0,0,0,5.2,6.1,0.0,18,-0.1
2014-01-30,THU,JAN,2014,0,0,0,2.4,6.4,0.0,150,1.0
2014-01-31,FRI,JAN,2014,0,0,0,1.8,2.7,0.0,282,1.6
2014-02-01,SAT,FEB,2014,0,0,1,2.0,6.4,0.3,197,6.7
2014-02-02,SUN,FEB,2014,0,0,1,1.9,7.1,0.4,1,4.0
2014-02-03,MON,FEB,2014,0,0,0,3.9,7.8,0.0,1,2.6
2014-02-04,TUE,FEB,2014,0,0,0,2.1,6.2,0.0,0,5.6
2014-02-05,WED,FEB,2014,0,0,0,3.0,6.3,0.1,11,4.6
2014-02-06,THU,FEB,2014,0,0,0,3.9,5.5,0.0,240,9.1
2014-02-07,FRI,FEB,2014,0,0,0,5.1,6.2,0.0,0,9.1
2014-02-08,SAT,FEB,2014,0,0,1,4.9,5.1,0.6,0,7.0
2014-02-09,SUN,FEB,2014,0,0,1,4.3,6.0,0.9,127,5.0
2014-02-10,MON,FEB,2014,0,0,0,3.0,7.0,1.7,0,4.0
2014-02-11,TUE,FEB,2014,0,0,0,2.6,4.2,0.0,80,5.7
2014-02-12,WED,FEB,2014,0,0,0,3.5,4.3,0.0,273,6.5
2014-02-13,THU,FEB,2014,0,0,0,5.6,6.8,6.3,58,6.7
2014-02-14,FRI,FEB,2014,0,0,0,4.6,6.9,0.5,176,7.0
2014-02-15,SAT,FEB,2014,0,0,1,3.5,6.6,6.3,0,7.3
2014-02-16,SUN,FEB,2014,0,0,1,3.4,6.9,0.1,3,7.2
2014-02-17,MON,FEB,2014,0,0,0,1.8,1.8,0.0,309,8.5
2014-02-18,TUE,FEB,2014,0,0,0,2.3,4.9,0.0,251,8.3
2014-02-19,WED,FEB,2014,0,0,0,1.8,7.9,0.2,1,8.2
2014-02-20,THU,FEB,2014,0,0,0,3.2,1.3,0.0,427,10.2
2014-02-21,FRI,FEB,2014,0,0,0,3.8,5.3,0.6,15,6.8
2014-02-22,SAT,FEB,2014,0,0,1,3.1,5.2,0.5,165,6.8
2014-02-23,SUN,FEB,2014,0,0,1,2.8,2.4,0.0,439,7.6
2014-02-24,MON,FEB,2014,0,0,0,2.9,0.1,0.0,472,9.2
2014-02-25,TUE,FEB,2014,0,0,0,3.2,6.5,0.0,299,11.4
2014-02-26,WED,FEB,2014,0,0,0,3.9,6.5,1.9,146,8.2
2014-02-27,THU,FEB,2014,0,0,0,3.4,7.2,0.0,0,7.3
2014-02-28,FRI,FEB,2014,0,0,0,3.1,6.5,0.0,205,8.8
2014-03-01,SAT,MAR,2014,0,0,1,1.8,7.2,0.3,76,6.6
2014-03-02,SUN,MAR,2014,0,0,1,2.1,5.6,0.0,122,5.7
2014-03-03,MON,MAR,2014,0,0,0,2.6,7.6,0.0,11,7.6
2014-03-04,TUE,MAR,2014,0,0,0,3.9,5.3,0.0,284,8.8
2014-03-05,WED,MAR,2014,0,0,0,3.6,4.6,0.0,253,8.2
2014-03-06,THU,MAR,2014,0,0,0,2.4,2.4,0.0,268,8.0
2014-03-07,FRI,MAR,2014,0,0,0,1.9,1.8,0.0,458,10.5
2014-03-08,SAT,MAR,2014,0,0,1,2.7,0.0,0.0,473,11.8
2014-03-09,SUN,MAR,2014,0,0,1,2.9,0.1,0.0,609,14.3
2014-03-10,MON,MAR,2014,0,0,0,2.8,0.3,0.0,483,12.9
2014-03-11,TUE,MAR,2014,0,0,0,2.7,0.3,0.0,467,12.4
2014-03-12,WED,MAR,2014,0,0,0,2.6,0.5,0.0,485,14.5
2014-03-13,THU,MAR,2014,0,0,0,2.1,0.5,0.0,482,14.7
2014-03-14,FRI,MAR,2014,0,0,0,2.4,0.1,0.0,479,14.8
2014-03-15,SAT,MAR,2014,0,0,1,6.0,7.7,0.5,0,7.6
2014-03-16,SUN,MAR,2014,0,0,1,4.2,4.2,0.0,208,12.2
2014-03-17,MON,MAR,2014,0,0,0,4.1,0.2,0.0,505,15.0
2014-03-18,TUE,MAR,2014,0,0,0,4.4,5.3,0.0,276,14.6
2014-03-19,WED,MAR,2014,0,0,0,4.5,3.6,0.0,230,12.3
2014-03-20,THU,MAR,2014,0,0,0,3.8,0.8,0.0,515,19.0
2014-03-21,FRI,MAR,2014,0,0,0,5.6,5.8,0.0,256,17.1
2014-03-22,SAT,MAR,2014,0,0,1,3.8,6.8,1.0,0,9.7
2014-03-23,SUN,MAR,2014,0,0,1,3.4,6.8,0.4,9,6.4
2014-03-24,MON,MAR,2014,0,0,0,2.8,6.0,3.4,99,4.6
2014-03-25,TUE,MAR,2014,0,0,0,2.5,2.7,0.0,293,6.1
2014-03-26,WED,MAR,2014,0,0,0,2.3,4.4,0.0,200,8.1
2014-03-27,THU,MAR,2014,0,0,0,2.6,3.1,0.0,417,11.8
2014-03-28,FRI,MAR,2014,0,0,0,3.2,1.6,0.0,330,14.0
2014-03-29,SAT,MAR,2014,0,0,1,2.9,2.8,0.0,435,16.0
2014-03-30,SUN,MAR,2014,0,0,1,2.1,0.3,0.0,656,16.0
2014-03-31,MON,MAR,2014,0,0,0,1.8,0.2,0.0,500,16.9
2014-04-01,TUE,APR,2014,0,0,0,1.7,2.4,0.0,436,17.9
2014-04-02,WED,APR,2014,0,0,0,2.4,3.1,0.0,410,19.7
2014-04-03,THU,APR,2014,0,0,0,2.9,5.1,0.0,242,19.8
2014-04-04,FRI,APR,2014,0,0,0,2.1,2.2,0.0,378,18.7
2014-04-05,SAT,APR,2014,0,0,1,4.1,7.7,3.4,0,12.9
2014-04-06,SUN,APR,2014,0,0,1,1.8,4.0,0.0,362,16.0
2014-04-07,MON,APR,2014,0,0,0,3.4,4.4,0.0,313,19.6
2014-04-08,TUE,APR,2014,0,0,0,7.6,6.2,0.0,175,12.1
2014-04-09,WED,APR,2014,0,0,0,4.2,3.8,0.0,515,11.7
2014-04-10,THU,APR,2014,0,0,0,2.0,5.6,0.0,217,13.2
2014-04-11,FRI,APR,2014,0,0,0,2.8,0.8,0.0,586,16.4
2014-04-12,SAT,APR,2014,0,0,1,2.7,4.2,0.0,450,17.3
2014-04-13,SUN,APR,2014,0,0,1,4.6,1.3,0.0,693,14.7
2014-04-14,MON,APR,2014,0,0,0,7.3,7.1,0.2,147,11.1
2014-04-15,TUE,APR,2014,0,0,0,4.2,7.9,0.0,18,6.6
2014-04-16,WED,APR,2014,0,0,0,3.0,3.1,0.0,341,9.9
2014-04-17,THU,APR,2014,0,0,0,3.4,1.3,0.0,596,13.3
2014-04-18,FRI,APR,2014,1,0,0,3.3,6.2,0.8,56,6.3
2014-04-19,SAT,APR,2014,0,0,1,3.2,7.1,0.0,80,12.2
2014-04-20,SUN,APR,2014,0,0,1,4.8,4.4,0.0,328,15.6
2014-04-21,MON,APR,2014,1,0,0,1.7,5.3,3.1,175,13.6
2014-04-22,TUE,APR,2014,0,0,0,2.3,3.9,0.1,325,15.9
2014-04-23,WED,APR,2014,0,0,0,2.4,2.6,0.0,386,18.8
2014-04-24,THU,APR,2014,0,0,0,3.0,1.8,0.1,515,20.1
2014-04-25,FRI,APR,2014,0,0,0,2.8,4.5,0.0,372,20.4
2014-04-26,SAT,APR,2014,0,0,1,2.7,5.4,1.0,242,16.8
2014-04-27,SUN,APR,2014,0,0,1,2.8,7.4,1.1,69,11.9
2014-04-28,MON,APR,2014,0,0,0,3.6,7.6,0.0,0,12.3
2014-04-29,TUE,APR,2014,0,0,0,2.6,6.8,0.0,90,14.5
2014-04-30,WED,APR,2014,0,0,0,2.4,7.3,1.2,46,14.0
2014-05-01,THU,MAY,2014,1,0,0,2.3,5.8,16.2,4,12.1
2014-05-02,FRI,MAY,2014,0,0,0,3.4,7.2,5.5,89,12.8
2014-05-03,SAT,MAY,2014,0,0,1,3.0,8.0,0.0,0,7.8
2014-05-04,SUN,MAY,2014,0,0,1,2.1,1.4,0.0,690,12.0
2014-05-05,MON,MAY,2014,0,0,0,2.3,2.2,0.0,607,16.8
2014-05-06,TUE,MAY,2014,0,0,0,3.4,6.2,0.0,217,20.3
2014-05-07,WED,MAY,2014,0,0,0,5.7,4.8,0.0,332,15.1
2014-05-08,THU,MAY,2014,0,0,0,4.1,6.8,0.0,212,16.9
2014-05-09,FRI,MAY,2014,0,0,0,6.0,5.6,0.1,378,18.0
2014-05-10,SAT,MAY,2014,0,0,1,3.0,7.3,1.4,110,15.9
2014-05-11,SUN,MAY,2014,0,0,1,5.3,4.8,1.1,322,11.6
2014-05-12,MON,MAY,2014,0,0,0,5.3,6.9,2.7,131,10.0
2014-05-13,TUE,MAY,2014,0,0,0,5.2,6.0,2.7,284,11.4
2014-05-14,WED,MAY,2014,0,0,0,4.7,3.2,0.0,509,12.9
2014-05-15,THU,MAY,2014,0,0,0,3.9,6.3,0.0,227,11.1
2014-05-16,FRI,MAY,2014,0,0,0,3.7,2.8,0.0,467,14.9
2014-05-17,SAT,MAY,2014,0,0,1,2.4,5.5,0.0,385,16.2
2014-05-18,SUN,MAY,2014,0,0,1,2.2,3.4,0.0,574,17.7
2014-05-19,MON,MAY,2014,0,0,0,2.4,6.8,0.0,281,20.7
2014-05-20,TUE,MAY,2014,0,0,0,2.9,2.5,0.0,486,24.4
2014-05-21,WED,MAY,2014,0,0,0,4.5,1.8,0.0,476,26.0
2014-05-22,THU,MAY,2014,0,0,0,3.8,4.1,0.0,374,22.3
2014-05-23,FRI,MAY,2014,0,0,0,2.3,4.2,0.5,434,18.4
2014-05-24,SAT,MAY,2014,0,0,1,2.5,3.0,5.0,367,15.8
2014-05-25,SUN,MAY,2014,0,0,1,3.1,4.5,0.0,569,19.6
2014-05-26,MON,MAY,2014,0,0,0,2.2,7.1,0.7,36,15.9
2014-05-27,TUE,MAY,2014,0,0,0,5.6,7.7,0.0,94,15.8
2014-05-28,WED,MAY,2014,0,0,0,3.6,6.4,0.0,96,16.3
2014-05-29,THU,MAY,2014,1,0,0,3.8,6.8,0.1,222,17.2
2014-05-30,FRI,MAY,2014,0,0,0,2.9,6.7,0.0,50,12.6
2014-05-31,SAT,MAY,2014,0,0,1,2.5,3.0,0.0,493,17.6
2014-06-01,SUN,JUN,2014,0,0,1,2.2,7.1,0.0,178,17.7
2014-06-02,MON,JUN,2014,0,0,0,2.2,6.8,0.0,211,18.0
2014-06-03,TUE,JUN,2014,0,0,0,2.4,6.7,0.0,234,17.9
2014-06-04,WED,JUN,2014,0,0,0,3.0,5.8,3.8,205,17.6
2014-06-05,THU,JUN,2014,0,0,0,2.8,3.5,0.0,517,17.9
2014-06-06,FRI,JUN,2014,0,0,0,2.3,1.9,0.0,669,24.5
2014-06-07,SAT,JUN,2014,0,0,1,2.0,1.8,0.0,463,28.2
2014-06-08,SUN,JUN,2014,0,0,1,2.8,0.9,0.0,763,30.5
2014-06-09,MON,JUN,2014,1,0,0,3.1,0.4,0.0,620,32.9
2014-06-10,TUE,JUN,2014,0,0,0,3.2,4.2,1.1,417,29.1
2014-06-11,WED,JUN,2014,0,0,0,3.2,4.7,0.0,305,25.6
2014-06-12,THU,JUN,2014,0,0,0,3.0,2.8,0.0,538,25.5
2014-06-13,FRI,JUN,2014,0,0,0,3.9,1.8,0.0,620,23.3
2014-06-14,SAT,JUN,2014,0,0,1,3.9,4.9,0.0,215,17.7
2014-06-15,SUN,JUN,2014,0,0,1,4.0,4.1,0.0,578,19.5
2014-06-16,MON,JUN,2014,0,0,0,3.6,3.1,0.0,456,20.7
2014-06-17,TUE,JUN,2014,0,0,0,3.2,6.2,1.3,266,17.3
2014-06-18,WED,JUN,2014,0,0,0,3.2,3.4,0.0,458,22.0
2014-06-19,THU,JUN,2014,1,0,0,4.7,2.3,0.0,574,21.0
2014-06-20,FRI,JUN,2014,0,0,0,4.2,5.8,0.0,212,16.6
2014-06-21,SAT,JUN,2014,0,0,1,2.6,1.8,0.0,597,19.3
2014-06-22,SUN,JUN,2014,0,0,1,3.0,1.1,0.0,782,21.6
2014-06-23,MON,JUN,2014,0,0,0,2.7,3.8,0.0,409,22.6
2014-06-24,TUE,JUN,2014,0,0,0,2.5,1.4,0.0,635,22.3
2014-06-25,WED,JUN,2014,0,0,0,4.7,4.9,0.0,372,18.0
2014-06-26,THU,JUN,2014,0,0,0,2.5,2.9,0.0,658,20.8
2014-06-27,FRI,JUN,2014,0,0,0,2.6,5.0,0.0,325,24.2
2014-06-28,SAT,JUN,2014,0,0,1,2.7,6.8,2.6,83,19.3
2014-06-29,SUN,JUN,2014,0,0,1,5.1,6.4,5.9,113,17.3
2014-06-30,MON,JUN,2014,0,0,0,4.6,6.3,0.1,243,16.5
2014-07-01,TUE,JUL,2014,0,0,0,2.2,4.4,0.0,387,20.7
2014-07-02,WED,JUL,2014,0,0,0,3.1,3.0,0.0,474,20.8
2014-07-03,THU,JUL,2014,0,0,0,3.5,0.9,0.0,672,26.0
2014-07-04,FRI,JUL,2014,0,0,0,3.4,4.1,0.0,349,28.1
2014-07-05,SAT,JUL,2014,0,0,1,3.4,7.3,0.2,59,21.3
2014-07-06,SUN,JUL,2014,0,0,1,3.1,3.6,0.0,633,28.0
2014-07-07,MON,JUL,2014,0,0,0,3.0,6.2,0.0,191,21.5
2014-07-08,TUE,JUL,2014,0,0,0,3.8,7.9,7.2,0,14.5
2014-07-09,WED,JUL,2014,0,0,0,4.2,7.0,7.5,0,12.6
2014-07-10,THU,JUL,2014,0,0,0,2.0,8.0,0.0,0,14.8
2014-07-11,FRI,JUL,2014,0,0,0,3.0,6.0,0.3,317,21.2
2014-07-12,SAT,JUL,2014,0,0,1,3.9,6.9,0.2,91,19.2
2014-07-13,SUN,JUL,2014,0,0,1,3.2,6.9,0.5,161,19.9
2014-07-14,MON,JUL,2014,0,0,0,3.4,4.7,2.5,371,21.2
2014-07-15,TUE,JUL,2014,0,0,0,2.4,2.7,0.0,494,23.2
2014-07-16,WED,JUL,2014,0,0,0,2.0,3.8,0.0,450,24.7
2014-07-17,THU,JUL,2014,0,0,0,1.8,1.6,0.0,658,26.8
2014-07-18,FRI,JUL,2014,0,0,0,3.2,0.8,0.0,658,29.4
2014-07-19,SAT,JUL,2014,0,0,1,2.6,0.4,0.0,572,30.4
2014-07-20,SUN,JUL,2014,0,0,1,2.8,5.6,3.8,185,24.0
2014-07-21,MON,JUL,2014,0,0,0,3.8,7.7,0.0,7,19.9
2014-07-22,TUE,JUL,2014,0,0,0,2.6,5.6,0.3,53,21.6
2014-07-23,WED,JUL,2014,0,0,0,3.6,3.1,0.0,564,25.3
2014-07-24,THU,JUL,2014,0,0,0,2.4,1.7,0.0,594,24.7
2014-07-25,FRI,JUL,2014,0,0,0,2.1,4.4,0.1,328,23.0
2014-07-26,SAT,JUL,2014,0,0,1,3.3,6.3,0.6,3,20.2
2014-07-27,SUN,JUL,2014,0,0,1,3.8,4.9,0.0,459,23.6
2014-07-28,MON,JUL,2014,0,0,0,3.0,4.7,4.5,420,24.2
2014-07-29,TUE,JUL,2014,0,0,0,2.3,7.8,0.1,9,18.7
2014-07-30,WED,JUL,2014,0,0,0,5.2,7.6,0.1,31,19.9
2014-07-31,THU,JUL,2014,0,0,0,1.7,2.4,0.0,431,22.8
2014-08-01,FRI,AUG,2014,0,0,0,3.0,2.6,0.0,408,23.7
2014-08-02,SAT,AUG,2014,0,0,1,2.2,6.2,1.3,221,22.2
2014-08-03,SUN,AUG,2014,0,0,1,2.3,6.5,0.1,138,20.8
2014-08-04,MON,AUG,2014,0,0,0,3.0,5.0,4.2,353,21.9
2014-08-05,TUE,AUG,2014,0,0,0,4.2,3.3,0.0,427,20.3
2014-08-06,WED,AUG,2014,0,0,0,2.3,5.5,0.0,306,22.1
2014-08-07,THU,AUG,2014,0,0,0,2.3,4.0,0.0,303,21.1
2014-08-08,FRI,AUG,2014,0,0,0,3.0,3.2,0.0,511,25.1
2014-08-09,SAT,AUG,2014,0,0,1,3.3,3.3,0.0,482,23.0
2014-08-10,SUN,AUG,2014,0,0,1,3.5,7.1,0.8,240,25.1
2014-08-11,MON,AUG,2014,0,0,0,3.2,4.8,0.0,382,20.8
2014-08-12,TUE,AUG,2014,0,0,0,2.5,6.2,0.0,251,20.0
2014-08-13,WED,AUG,2014,0,0,0,3.0,7.2,5.9,70,16.1
2014-08-14,THU,AUG,2014,0,0,0,2.6,7.2,3.0,174,16.7
2014-08-15,FRI,AUG,2014,0,0,0,3.0,5.9,3.3,169,15.1
2014-08-16,SAT,AUG,2014,0,0,1,4.5,4.7,0.9,301,16.3
2014-08-17,SUN,AUG,2014,0,0,1,3.7,3.6,0.0,497,19.0
2014-08-18,MON,AUG,2014,0,0,0,4.7,7.7,0.0,15,16.3
2014-08-19,TUE,AUG,2014,0,0,0,3.0,5.2,0.0,275,17.6
2014-08-20,WED,AUG,2014,0,0,0,2.1,5.7,0.0,241,16.3
2014-08-21,THU,AUG,2014,0,0,0,2.4,5.2,0.0,355,17.3
2014-08-22,FRI,AUG,2014,0,0,0,2.8,6.4,0.0,224,18.3
2014-08-23,SAT,AUG,2014,0,0,1,2.7,7.3,2.9,64,14.7
2014-08-24,SUN,AUG,2014,0,0,1,3.7,4.5,0.0,449,15.2
2014-08-25,MON,AUG,2014,0,0,0,2.4,7.5,0.0,75,17.3
2014-08-26,TUE,AUG,2014,0,0,0,2.6,7.8,26.4,40,17.1
2014-08-27,WED,AUG,2014,0,0,0,1.5,4.6,0.0,275,17.6
2014-08-28,THU,AUG,2014,0,0,0,1.6,5.2,0.0,392,21.5
2014-08-29,FRI,AUG,2014,0,0,0,2.6,7.1,0.3,195,20.9
2014-08-30,SAT,AUG,2014,0,0,1,2.6,5.2,0.0,422,20.3
2014-08-31,SUN,AUG,2014,0,0,1,3.0,7.8,20.2,54,13.9
2014-09-01,MON,SEP,2014,0,0,0,2.1,7.8,0.0,23,14.8
2014-09-02,TUE,SEP,2014,0,0,0,1.9,7.6,0.1,45,16.0
2014-09-03,WED,SEP,2014,0,0,0,2.9,8.0,0.0,0,15.9
2014-09-04,THU,SEP,2014,0,0,0,1.6,7.8,0.0,0,17.7
2014-09-05,FRI,SEP,2014,0,0,0,1.8,4.1,0.0,496,22.4
2014-09-06,SAT,SEP,2014,0,0,1,1.4,3.8,0.0,355,22.2
2014-09-07,SUN,SEP,2014,0,0,1,2.1,5.0,0.0,460,21.5
2014-09-08,MON,SEP,2014,0,0,0,2.0,4.8,0.0,446,23.0
2014-09-09,TUE,SEP,2014,0,0,0,2.3,2.7,0.0,455,20.6
2014-09-10,WED,SEP,2014,0,0,0,2.8,4.2,0.0,414,17.0
2014-09-11,THU,SEP,2014,0,0,0,2.9,6.2,2.2,47,13.3
2014-09-12,FRI,SEP,2014,0,0,0,5.3,7.9,12.2,0,12.3
2014-09-13,SAT,SEP,2014,0,0,1,1.4,7.8,0.7,0,15.0
2014-09-14,SUN,SEP,2014,0,0,1,2.0,6.0,0.0,178,17.5
2014-09-15,MON,SEP,2014,0,0,0,2.0,6.4,0.0,95,18.0
2014-09-16,TUE,SEP,2014,0,0,0,2.2,3.3,0.0,425,20.4
2014-09-17,WED,SEP,2014,0,0,0,2.7,1.5,0.0,546,21.7
2014-09-18,THU,SEP,2014,0,0,0,1.6,5.8,1.1,250,21.0
2014-09-19,FRI,SEP,2014,0,0,0,2.1,5.2,8.0,248,20.3
2014-09-20,SAT,SEP,2014,0,0,1,2.3,3.6,0.0,407,20.9
2014-09-21,SUN,SEP,2014,0,0,1,4.1,7.1,7.8,104,16.6
2014-09-22,MON,SEP,2014,0,0,0,4.3,4.8,2.3,72,11.1
2014-09-23,TUE,SEP,2014,0,0,0,2.0,2.5,0.0,404,12.3
2014-09-24,WED,SEP,2014,0,0,0,2.1,6.8,0.1,220,14.3
2014-09-25,THU,SEP,2014,0,0,0,3.6,6.8,0.0,152,14.4
2014-09-26,FRI,SEP,2014,0,0,0,3.3,2.9,0.0,465,16.3
2014-09-27,SAT,SEP,2014,0,0,1,2.2,3.6,0.0,280,17.3
2014-09-28,SUN,SEP,2014,0,0,1,1.9,2.4,0.0,601,18.9
2014-09-29,MON,SEP,2014,0,0,0,2.0,4.2,0.0,406,21.7
2014-09-30,TUE,SEP,2014,0,0,0,1.5,6.7,0.9,29,17.8
2014-10-01,WED,OCT,2014,0,0,0,1.7,2.9,0.0,324,18.3
2014-10-02,THU,OCT,2014,0,0,0,1.6,1.3,0.0,396,18.1
2014-10-03,FRI,OCT,2014,1,0,0,2.7,1.8,0.0,471,17.1
2014-10-04,SAT,OCT,2014,0,0,1,3.6,1.0,0.0,483,13.9
2014-10-05,SUN,OCT,2014,0,0,1,2.7,3.1,0.0,380,14.9
2014-10-06,MON,OCT,2014,0,0,0,3.0,3.8,0.0,172,14.0
2014-10-07,TUE,OCT,2014,0,0,0,4.4,7.7,0.7,10,16.2
2014-10-08,WED,OCT,2014,0,0,0,3.6,7.6,0.1,82,18.8
2014-10-09,THU,OCT,2014,0,0,0,2.9,6.2,0.0,290,21.4
2014-10-10,FRI,OCT,2014,0,0,0,1.3,7.1,0.5,0,16.3
2014-10-11,SAT,OCT,2014,0,0,1,2.1,6.2,0.0,44,16.3
2014-10-12,SUN,OCT,2014,0,0,1,2.2,5.9,0.0,241,16.4
2014-10-13,MON,OCT,2014,0,0,0,2.5,7.5,0.8,3,16.0
2014-10-14,TUE,OCT,2014,0,0,0,2.5,2.2,0.0,404,17.9
2014-10-15,WED,OCT,2014,0,0,0,1.3,5.1,0.0,206,17.0
2014-10-16,THU,OCT,2014,0,0,0,3.2,7.4,0.4,11,15.9
2014-10-17,FRI,OCT,2014,0,0,0,2.8,5.2,0.0,107,15.3
2014-10-18,SAT,OCT,2014,0,0,1,3.1,1.5,0.0,502,18.0
2014-10-19,SUN,OCT,2014,0,0,1,3.2,2.1,0.0,527,20.0
2014-10-20,MON,OCT,2014,0,0,0,3.1,7.9,0.0,10,17.1
2014-10-21,TUE,OCT,2014,0,0,0,6.1,6.2,1.6,167,14.7
2014-10-22,WED,OCT,2014,0,0,0,9.0,7.4,0.0,12,7.6
2014-10-23,THU,OCT,2014,0,0,0,3.5,6.7,0.0,131,9.7
2014-10-24,FRI,OCT,2014,0,0,0,2.3,2.6,0.0,420,11.1
2014-10-25,SAT,OCT,2014,0,0,1,1.2,8.0,0.0,24,12.2
2014-10-26,SUN,OCT,2014,0,0,1,1.7,2.6,0.0,316,13.6
2014-10-27,MON,OCT,2014,0,0,0,3.6,5.2,0.0,360,9.5
2014-10-28,TUE,OCT,2014,0,0,0,1.9,4.8,0.0,0,7.6
2014-10-29,WED,OCT,2014,0,0,0,1.5,4.0,0.0,285,11.0
2014-10-30,THU,OCT,2014,0,0,0,1.7,7.0,0.0,0,12.4
2014-10-31,FRI,OCT,2014,0,0,0,2.0,7.9,0.0,222,15.0
2014-11-01,SAT,NOV,2014,1,0,1,1.7,2.0,0.0,397,14.5
2014-11-02,SUN,NOV,2014,0,0,1,2.2,2.1,0.0,512,13.4
2014-11-03,MON,NOV,2014,0,0,0,2.5,7.3,0.0,106,15.4
2014-11-04,TUE,NOV,2014,0,0,0,2.9,4.2,0.0,102,11.7
2014-11-05,WED,NOV,2014,0,0,0,2.4,8.0,10.9,0,7.1
2014-11-06,THU,NOV,2014,0,0,0,1.6,5.2,0.0,62,7.8
2014-11-07,FRI,NOV,2014,0,0,0,2.8,5.8,0.0,230,10.4
2014-11-08,SAT,NOV,2014,0,0,1,2.2,1.4,0.0,350,10.5
2014-11-09,SUN,NOV,2014,0,0,1,2.1,4.9,0.0,299,9.2
2014-11-10,MON,NOV,2014,0,0,0,2.0,4.4,1.8,0,8.0
2014-11-11,TUE,NOV,2014,0,0,0,1.4,5.8,0.0,55,7.7
2014-11-12,WED,NOV,2014,0,0,0,1.5,7.9,1.3,0,7.8
2014-11-13,THU,NOV,2014,0,0,0,1.5,7.9,0.0,0,9.6
2014-11-14,FRI,NOV,2014,0,0,0,2.8,3.7,0.0,267,10.0
2014-11-15,SAT,NOV,2014,0,0,1,2.1,6.9,3.9,122,9.7
2014-11-16,SUN,NOV,2014,0,0,1,2.8,6.6,0.6,93,9.7
2014-11-17,MON,NOV,2014,0,0,0,2.2,7.4,0.0,23,7.4
2014-11-18,TUE,NOV,2014,0,0,0,3.6,7.4,4.2,0,7.2
2014-11-19,WED,NOV,2014,0,0,0,1.6,7.0,0.1,0,7.1
2014-11-20,THU,NOV,2014,0,0,0,2.7,7.9,0.0,3,6.0
2014-11-21,FRI,NOV,2014,0,0,0,2.4,7.8,0.0,1,7.3
2014-11-22,SAT,NOV,2014,0,0,1,1.6,2.7,0.0,318,10.5
2014-11-23,SUN,NOV,2014,0,0,1,3.5,1.2,0.0,440,8.8
2014-11-24,MON,NOV,2014,0,0,0,2.5,7.5,0.0,115,8.6
2014-11-25,TUE,NOV,2014,0,0,0,4.5,8.0,0.0,6,8.1
2014-11-26,WED,NOV,2014,0,0,0,3.2,8.0,0.0,0,6.2
2014-11-27,THU,NOV,2014,0,0,0,3.1,6.5,0.0,107,6.5
2014-11-28,FRI,NOV,2014,0,0,0,3.7,4.4,0.0,284,4.3
2014-11-29,SAT,NOV,2014,0,0,1,4.1,8.0,0.0,0,2.8
2014-11-30,SUN,NOV,2014,0,0,1,2.7,8.0,0.0,0,2.5
2014-12-01,MON,DEC,2014,0,0,0,3.1,8.0,0.3,0,3.2
2014-12-02,TUE,DEC,2014,0,0,0,1.8,8.0,0.4,0,2.7
2014-12-03,WED,DEC,2014,0,0,0,2.2,8.0,0.0,0,2.5
2014-12-04,THU,DEC,2014,0,0,0,1.5,7.9,0.0,0,3.9
2014-12-05,FRI,DEC,2014,0,0,0,1.6,8.0,0.1,0,3.0
2014-12-06,SAT,DEC,2014,0,0,1,2.4,7.9,0.0,0,3.8
2014-12-07,SUN,DEC,2014,0,0,1,2.1,7.4,0.0,0,2.9
2014-12-08,MON,DEC,2014,0,0,0,1.7,6.2,0.0,32,4.0
2014-12-09,TUE,DEC,2014,0,0,0,1.3,8.0,0.0,0,2.0
2014-12-10,WED,DEC,2014,0,0,0,3.6,7.2,1.6,2,3.5
2014-12-11,THU,DEC,2014,0,0,0,5.4,6.8,0.0,71,6.3
2014-12-12,FRI,DEC,2014,0,0,0,6.0,7.5,0.0,76,9.3
2014-12-13,SAT,DEC,2014,0,0,1,3.2,7.7,0.0,57,10.4
2014-12-14,SUN,DEC,2014,0,0,1,1.4,8.0,0.9,0,8.1
2014-12-15,MON,DEC,2014,0,0,0,1.5,5.6,0.0,44,6.9
2014-12-16,TUE,DEC,2014,0,0,0,2.0,7.8,0.4,0,5.9
2014-12-17,WED,DEC,2014,0,0,0,3.6,7.8,2.0,0,5.2
2014-12-18,THU,DEC,2014,0,0,0,3.4,6.2,2.0,0,11.6
2014-12-19,FRI,DEC,2014,0,0,0,4.9,7.4,4.6,0,10.5
2014-12-20,SAT,DEC,2014,0,0,1,6.4,7.8,0.0,13,6.4
2014-12-21,SUN,DEC,2014,0,0,1,3.5,6.9,0.0,149,6.3
2014-12-22,MON,DEC,2014,0,0,0,2.1,6.3,0.0,106,7.6
2014-12-23,TUE,DEC,2014,0,0,0,1.8,0.7,0.0,356,6.5
2014-12-24,WED,DEC,2014,0,1,0,2.1,2.4,0.2,157,5.3
2014-12-25,THU,DEC,2014,1,1,0,2.8,5.3,0.7,97,2.7
2014-12-26,FRI,DEC,2014,1,1,1,3.1,4.8,2.3,43,3.1
2014-12-27,SAT,DEC,2014,0,0,1,3.4,6.9,5.1,25,1.5
2014-12-28,SUN,DEC,2014,0,0,1,3.4,3.0,0.1,50,-5.9
2014-12-29,MON,DEC,2014,0,0,0,3.4,7.8,0.2,0,-3.0
2014-12-30,TUE,DEC,2014,0,0,0,4.7,7.9,0.7,0,0.0
2014-12-31,SAT,DEC,2014,0,1,1,4.5,6.5,0.3,130,3.0
2015-01-01,THU,JAN,2015,1,0,0,2.1,8.0,0.0,0,1.0
2015-01-02,FRI,JAN,2015,0,0,0,3.3,7.6,2.7,0,3.8
2015-01-03,SAT,JAN,2015,0,0,1,3.5,6.9,13.0,0,4.1
2015-01-04,SUN,JAN,2015,0,0,1,4.6,6.0,0.0,164,3.0
2015-01-05,MON,JAN,2015,0,0,0,1.5,0.1,0.0,393,3.0
2015-01-06,TUE,JAN,2015,1,0,0,1.8,4.8,0.0,319,1.9
2015-01-07,WED,JAN,2015,0,0,0,1.8,6.3,0.0,81,2.2
2015-01-08,THU,JAN,2015,0,0,0,5.4,7.8,0.2,0,8.2
2015-01-09,FRI,JAN,2015,0,0,0,5.5,7.7,1.9,0,9.5
2015-01-10,SAT,JAN,2015,0,0,1,7.2,6.7,0.9,157,13.4
2015-01-11,SUN,JAN,2015,0,0,1,7.6,5.7,0.0,170,3.9
2015-01-12,MON,JAN,2015,0,0,0,3.6,5.6,0.0,126,6.2
2015-01-13,TUE,JAN,2015,0,0,0,4.0,3.4,0.0,393,12.4
2015-01-14,WED,JAN,2015,0,0,0,4.9,4.8,3.7,39,5.2
2015-01-15,THU,JAN,2015,0,0,0,4.0,7.5,0.0,0,8.6
2015-01-16,FRI,JAN,2015,0,0,0,1.4,7.1,1.2,0,6.0
2015-01-17,SAT,JAN,2015,0,0,1,2.1,7.1,1.5,0,3.2
2015-01-18,SUN,JAN,2015,0,0,1,2.9,5.8,0.0,190,1.5
2015-01-19,MON,JAN,2015,0,0,0,1.5,7.7,1.6,34,2.0
2015-01-20,TUE,JAN,2015,0,0,0,1.8,7.2,1.0,0,-0.1
2015-01-21,WED,JAN,2015,0,0,0,3.6,8.0,0.0,0,1.4
2015-01-22,THU,JAN,2015,0,0,0,1.7,8.0,0.1,0,0.6
2015-01-23,FRI,JAN,2015,0,0,0,2.3,7.8,0.0,0,0.8
2015-01-24,SAT,JAN,2015,0,0,1,2.9,7.7,0.4,7,0.8
2015-01-25,SUN,JAN,2015,0,0,1,3.0,7.6,0.0,19,1.6
2015-01-26,MON,JAN,2015,0,0,0,3.1,5.7,3.8,0,0.9
2015-01-27,TUE,JAN,2015,0,0,0,5.4,7.6,0.2,17,2.7
2015-01-28,WED,JAN,2015,0,0,0,5.0,7.7,0.0,0,3.7
2015-01-29,THU,JAN,2015,0,0,0,5.1,6.6,0.0,88,3.7
2015-01-30,FRI,JAN,2015,0,0,0,3.4,3.9,5.5,236,1.4
2015-01-31,SAT,JAN,2015,0,0,1,2.5,4.5,0.7,107,1.8
2015-02-01,SUN,FEB,2015,0,0,1,3.3,7.4,1.0,42,1.1
2015-02-02,MON,FEB,2015,0,0,0,4.4,3.9,0.1,72,0.5
2015-02-03,TUE,FEB,2015,0,0,0,1.4,4.2,0.0,386,-0.6
2015-02-04,WED,FEB,2015,0,0,0,1.4,8.0,0.0,0,-1.9
2015-02-05,THU,FEB,2015,0,0,0,4.7,8.0,0.0,6,-1.2
2015-02-06,FRI,FEB,2015,0,0,0,5.1,2.3,0.0,240,-0.7
2015-02-07,SAT,FEB,2015,0,0,1,2.8,0.5,0.0,428,-1.7
2015-02-08,SUN,FEB,2015,0,0,1,5.0,4.4,0.1,156,1.1
2015-02-09,MON,FEB,2015,0,0,0,4.2,7.9,0.2,1,2.3
2015-02-10,TUE,FEB,2015,0,0,0,1.8,8.0,0.0,0,3.3
2015-02-11,WED,FEB,2015,0,0,0,2.8,0.8,0.0,365,3.2
2015-02-12,THU,FEB,2015,0,0,0,1.9,0.2,0.0,443,3.2
2015-02-13,FRI,FEB,2015,0,0,0,1.8,0.8,0.0,422,4.4
2015-02-14,SAT,FEB,2015,0,0,1,2.5,2.5,0.0,337,4.5
2015-02-15,SUN,FEB,2015,0,0,1,3.1,5.5,0.0,229,0.4
2015-02-16,MON,FEB,2015,0,0,0,2.4,2.2,0.0,254,0.8
2015-02-17,TUE,FEB,2015,0,0,0,2.7,8.0,0.0,0,-0.3
2015-02-18,WED,FEB,2015,0,0,0,2.9,8.0,0.0,0,0.7
2015-02-19,THU,FEB,2015,0,0,0,2.0,2.6,0.0,256,0.7
2015-02-20,FRI,FEB,2015,0,0,0,4.0,0.2,0.0,458,9.7
2015-02-21,SAT,FEB,2015,0,0,1,4.0,6.8,0.1,15,4.9
2015-02-22,SUN,FEB,2015,0,0,1,1.8,5.9,1.0,218,3.9
2015-02-23,MON,FEB,2015,0,0,0,3.4,5.6,0.6,9,5.1
2015-02-24,TUE,FEB,2015,0,0,0,3.1,7.3,0.0,11,5.0
2015-02-25,WED,FEB,2015,0,0,0,2.2,1.8,0.0,262,5.7
2015-02-26,THU,FEB,2015,0,0,0,4.0,0.5,0.0,468,7.2
2015-02-27,FRI,FEB,2015,0,0,0,4.1,7.8,6.4,0,2.8
2015-02-28,SAT,FEB,2015,0,0,1,2.6,4.9,0.0,205,5.0
2015-03-01,SUN,MAR,2015,0,0,1,3.7,7.7,0.0,31,8.8
2015-03-02,MON,MAR,2015,0,0,0,6.9,6.7,2.2,48,5.4
2015-03-03,TUE,MAR,2015,0,0,0,4.2,4.9,0.0,299,8.9
2015-03-04,WED,MAR,2015,0,0,0,4.6,4.5,0.0,306,5.2
2015-03-05,THU,MAR,2015,0,0,0,4.0,6.9,0.0,170,4.9
2015-03-06,FRI,MAR,2015,0,0,0,1.8,1.4,0.0,405,6.6
2015-03-07,SAT,MAR,2015,0,0,1,2.7,2.5,0.0,316,8.6
2015-03-08,SUN,MAR,2015,0,0,1,2.0,0.4,0.0,566,10.9
2015-03-09,MON,MAR,2015,0,0,0,1.8,0.0,0.0,483,12.5
2015-03-10,TUE,MAR,2015,0,0,0,3.2,7.8,0.2,108,10.3
2015-03-11,WED,MAR,2015,0,0,0,2.8,0.6,0.0,483,7.0
2015-03-12,THU,MAR,2015,0,0,0,2.9,2.8,0.0,258,7.1
2015-03-13,FRI,MAR,2015,0,0,0,4.4,6.0,0.0,85,5.5
2015-03-14,SAT,MAR,2015,0,0,1,2.4,7.6,0.0,0,4.8
2015-03-15,SUN,MAR,2015,0,0,1,3.1,2.8,0.0,348,6.9
2015-03-16,MON,MAR,2015,0,0,0,1.9,2.3,0.0,470,12.9
2015-03-17,TUE,MAR,2015,0,0,0,2.1,4.0,0.0,430,15.6
2015-03-18,WED,MAR,2015,0,0,0,2.5,0.8,0.0,475,14.2
2015-03-19,THU,MAR,2015,0,0,0,2.1,1.0,0.0,468,13.1
2015-03-20,FRI,MAR,2015,0,0,0,1.9,0.6,0.0,494,11.9
2015-03-21,SAT,MAR,2015,0,0,1,4.5,7.0,0.0,136,7.6
2015-03-22,SUN,MAR,2015,0,0,1,4.6,7.9,0.0,30,7.1
2015-03-23,MON,MAR,2015,0,0,0,2.1,4.0,0.0,161,7.2
2015-03-24,TUE,MAR,2015,0,0,0,2.4,3.1,0.3,435,12.6
2015-03-25,WED,MAR,2015,0,0,0,6.1,3.9,0.0,356,12.0
2015-03-26,THU,MAR,2015,0,0,0,3.3,7.6,0.4,0,7.1
2015-03-27,FRI,MAR,2015,0,0,0,5.5,7.2,0.0,95,8.8
2015-03-28,SAT,MAR,2015,0,0,1,3.1,5.2,0.0,311,10.6
2015-03-29,SUN,MAR,2015,0,0,1,5.8,7.5,0.4,0,11.1
2015-03-30,MON,MAR,2015,0,0,0,7.6,5.8,2.6,102,8.4
2015-03-31,TUE,MAR,2015,0,0,0,11.4,6.7,2.2,83,9.6
2015-04-01,WED,APR,2015,0,0,0,8.1,4.8,0.3,381,5.6
2015-04-02,THU,APR,2015,0,0,0,6.5,5.1,3.7,122,6.0
2015-04-03,FRI,APR,2015,1,0,0,2.0,4.7,0.0,422,9.2
2015-04-04,SAT,APR,2015,0,0,1,2.6,7.0,4.8,0,3.9
2015-04-05,SUN,APR,2015,0,0,1,3.3,4.1,0.0,501,6.2
2015-04-06,MON,APR,2015,1,0,0,2.7,6.0,0.0,101,6.4
2015-04-07,TUE,APR,2015,0,0,0,1.6,0.2,0.0,586,8.9
2015-04-08,WED,APR,2015,0,0,0,2.1,0.3,0.0,558,12.4
2015-04-09,THU,APR,2015,0,0,0,1.9,0.8,0.0,565,15.8
2015-04-10,FRI,APR,2015,0,0,0,1.6,2.5,0.0,561,18.7
2015-04-11,SAT,APR,2015,0,0,1,4.2,7.4,0.1,48,14.6
2015-04-12,SUN,APR,2015,0,0,1,1.9,4.4,0.0,354,15.4
2015-04-13,MON,APR,2015,0,0,0,5.0,3.8,0.0,373,15.8
2015-04-14,TUE,APR,2015,0,0,0,3.6,1.2,0.0,599,18.1
2015-04-15,WED,APR,2015,0,0,0,2.7,1.2,0.0,538,22.4
2015-04-16,THU,APR,2015,0,0,0,2.0,5.8,0.0,241,20.6
2015-04-17,FRI,APR,2015,0,0,0,5.0,7.3,0.0,130,13.1
2015-04-18,SAT,APR,2015,0,0,1,3.5,1.5,0.0,536,10.3
2015-04-19,SUN,APR,2015,0,0,1,3.9,0.4,0.0,735,13.5
2015-04-20,MON,APR,2015,0,0,0,2.7,0.8,0.0,609,16.0
2015-04-21,TUE,APR,2015,0,0,0,2.0,1.6,0.0,611,18.5
2015-04-22,WED,APR,2015,0,0,0,4.5,1.6,0.0,605,15.0
2015-04-23,THU,APR,2015,0,0,0,2.4,0.2,0.0,615,12.7
2015-04-24,FRI,APR,2015,0,0,0,2.2,1.9,0.0,565,17.6
2015-04-25,SAT,APR,2015,0,0,1,2.7,7.2,1.3,2,14.5
2015-04-26,SUN,APR,2015,0,0,1,1.9,5.2,4.5,395,17.8
2015-04-27,MON,APR,2015,0,0,0,4.4,6.8,3.3,202,16.2
2015-04-28,TUE,APR,2015,0,0,0,5.0,5.1,0.0,247,10.0
2015-04-29,WED,APR,2015,0,0,0,3.4,3.7,0.0,511,14.1
2015-04-30,THU,APR,2015,0,0,0,3.7,6.6,0.0,122,13.8
2015-05-01,FRI,MAY,2015,1,0,0,1.8,7.8,7.3,0,9.3
2015-05-02,SAT,MAY,2015,0,0,1,1.4,7.5,0.0,7,12.7
2015-05-03,SUN,MAY,2015,0,0,1,2.0,7.6,4.4,0,15.6
2015-05-04,MON,MAY,2015,0,0,0,4.2,4.7,0.0,494,21.1
2015-05-05,TUE,MAY,2015,0,0,0,3.7,7.7,0.1,9,19.9
2015-05-06,WED,MAY,2015,0,0,0,3.4,6.5,0.0,228,16.9
2015-05-07,THU,MAY,2015,0,0,0,3.7,2.9,0.0,499,15.2
2015-05-08,FRI,MAY,2015,0,0,0,2.8,3.0,0.0,481,20.0
2015-05-09,SAT,MAY,2015,0,0,1,4.8,5.1,1.1,344,17.7
2015-05-10,SUN,MAY,2015,0,0,1,3.4,2.6,0.0,539,17.9
2015-05-11,MON,MAY,2015,0,0,0,2.7,2.8,0.0,586,23.6
2015-05-12,TUE,MAY,2015,0,0,0,4.0,2.7,0.0,460,26.8
2015-05-13,WED,MAY,2015,0,0,0,2.4,3.2,0.9,523,20.4
2015-05-14,THU,MAY,2015,1,0,0,1.9,7.1,0.0,158,17.4
2015-05-15,FRI,MAY,2015,0,0,0,3.7,5.2,0.5,245,13.5
2015-05-16,SAT,MAY,2015,0,0,1,4.6,5.7,0.0,331,17.1
2015-05-17,SUN,MAY,2015,0,0,1,3.3,3.1,0.0,546,16.0
2015-05-18,MON,MAY,2015,0,0,0,2.5,2.8,0.0,577,20.3
2015-05-19,TUE,MAY,2015,0,0,0,4.4,7.1,0.0,59,13.9
2015-05-20,WED,MAY,2015,0,0,0,3.3,6.0,2.4,140,10.7
2015-05-21,THU,MAY,2015,0,0,0,3.9,2.8,0.0,487,14.2
2015-05-22,FRI,MAY,2015,0,0,0,3.1,2.7,0.0,519,16.7
2015-05-23,SAT,MAY,2015,0,0,1,3.2,6.6,0.0,188,17.5
2015-05-24,SUN,MAY,2015,0,0,1,2.4,7.9,0.0,87,17.5
2015-05-25,MON,MAY,2015,1,0,0,3.5,6.7,7.3,61,15.2
2015-05-26,TUE,MAY,2015,0,0,0,4.0,7.6,0.2,24,12.8
2015-05-27,WED,MAY,2015,0,0,0,3.0,6.1,0.0,123,12.9
2015-05-28,THU,MAY,2015,0,0,0,2.9,3.6,0.0,490,19.0
2015-05-29,FRI,MAY,2015,0,0,0,2.8,6.8,0.7,216,17.6
2015-05-30,SAT,MAY,2015,0,0,1,4.6,6.5,1.0,183,14.0
2015-05-31,SUN,MAY,2015,0,0,1,2.5,6.1,0.0,407,19.3
2015-06-01,MON,JUN,2015,0,0,0,3.8,6.3,0.0,134,16.7
2015-06-02,TUE,JUN,2015,0,0,0,3.8,4.6,0.0,344,23.3
2015-06-03,WED,JUN,2015,0,0,0,4.4,2.5,0.0,577,23.6
2015-06-04,THU,JUN,2015,1,0,0,2.1,0.6,0.0,670,25.1
2015-06-05,FRI,JUN,2015,0,0,0,3.3,1.3,0.0,658,30.0
2015-06-06,SAT,JUN,2015,0,0,1,3.7,3.8,0.0,425,27.2
2015-06-07,SUN,JUN,2015,0,0,1,3.0,2.2,0.0,612,24.2
2015-06-08,MON,JUN,2015,0,0,0,3.2,7.9,5.0,3,14.0
2015-06-09,TUE,JUN,2015,0,0,0,3.4,7.9,0.0,0,14.0
2015-06-10,WED,JUN,2015,0,0,0,2.3,8.0,0.0,0,17.1
2015-06-11,THU,JUN,2015,0,0,0,2.2,4.5,0.0,394,22.7
2015-06-12,FRI,JUN,2015,0,0,0,2.7,4.2,0.0,334,25.4
2015-06-13,SAT,JUN,2015,0,0,1,4.2,3.2,0.0,467,21.9
2015-06-14,SUN,JUN,2015,0,0,1,2.6,3.3,0.0,707,23.3
2015-06-15,MON,JUN,2015,0,0,0,2.9,6.7,0.0,63,20.7
2015-06-16,TUE,JUN,2015,0,0,0,3.4,7.3,0.0,73,19.4
2015-06-17,WED,JUN,2015,0,0,0,2.6,4.2,0.0,495,18.8
2015-06-18,THU,JUN,2015,0,0,0,3.1,7.8,8.2,1,15.5
2015-06-19,FRI,JUN,2015,0,0,0,4.2,7.4,0.0,91,14.3
2015-06-20,SAT,JUN,2015,0,0,1,3.6,7.7,0.0,13,13.0
2015-06-21,SUN,JUN,2015,0,0,1,2.3,7.4,4.7,93,16.6
2015-06-22,MON,JUN,2015,0,0,0,3.9,6.8,1.0,0,15.0
2015-06-23,TUE,JUN,2015,0,0,0,4.9,6.2,4.8,242,13.3
2015-06-24,WED,JUN,2015,0,0,0,2.1,3.3,0.0,510,17.9
2015-06-25,THU,JUN,2015,0,0,0,2.4,4.4,0.0,528,22.0
2015-06-26,FRI,JUN,2015,0,0,0,2.5,4.2,0.0,466,24.3
2015-06-27,SAT,JUN,2015,0,0,1,4.4,4.9,1.8,313,20.6
2015-06-28,SUN,JUN,2015,0,0,1,2.1,4.9,0.0,551,21.3
2015-06-29,MON,JUN,2015,0,0,0,2.4,3.5,0.0,424,25.3
2015-06-30,TUE,JUN,2015,0,0,0,2.1,0.7,0.0,681,27.5
2015-07-01,WED,JUL,2015,0,0,0,3.5,1.1,0.0,674,30.3
2015-07-02,THU,JUL,2015,0,0,0,3.0,0.8,0.0,618,32.4
2015-07-03,FRI,JUL,2015,0,0,0,2.1,2.7,0.0,335,31.6
2015-07-04,SAT,JUL,2015,0,0,1,2.4,0.8,0.0,647,33.3
2015-07-05,SUN,JUL,2015,0,0,1,3.2,1.1,0.0,728,34.1
2015-07-06,MON,JUL,2015,0,0,0,2.2,1.5,0.0,653,26.9
2015-07-07,TUE,JUL,2015,0,0,0,3.5,3.2,0.0,467,32.4
2015-07-08,WED,JUL,2015,0,0,0,7.4,4.7,0.0,477,20.6
2015-07-09,THU,JUL,2015,0,0,0,5.0,7.1,0.0,118,18.2
2015-07-10,FRI,JUL,2015,0,0,0,2.1,1.2,0.0,683,22.1
2015-07-11,SAT,JUL,2015,0,0,1,4.9,1.2,0.0,656,28.1
2015-07-12,SUN,JUL,2015,0,0,1,5.3,3.9,0.0,469,24.3
2015-07-13,MON,JUL,2015,0,0,0,4.0,7.7,0.0,16,21.1
2015-07-14,TUE,JUL,2015,0,0,0,5.5,4.6,0.0,379,25.0
2015-07-15,WED,JUL,2015,0,0,0,2.0,3.8,0.0,475,26.8
2015-07-16,THU,JUL,2015,0,0,0,2.2,1.1,0.0,654,30.4
2015-07-17,FRI,JUL,2015,0,0,0,3.3,1.3,0.8,562,30.8
2015-07-18,SAT,JUL,2015,0,0,1,2.7,4.6,0.1,241,26.0
2015-07-19,SUN,JUL,2015,0,0,1,4.2,6.9,6.2,113,24.1
2015-07-20,MON,JUL,2015,0,0,0,2.4,6.7,0.0,240,26.7
2015-07-21,TUE,JUL,2015,0,0,0,2.6,2.7,0.0,613,29.5
2015-07-22,WED,JUL,2015,0,0,0,3.4,5.9,1.2,298,28.4
2015-07-23,THU,JUL,2015,0,0,0,2.2,7.2,0.0,127,23.8
2015-07-24,FRI,JUL,2015,0,0,0,3.2,2.4,0.0,525,28.7
2015-07-25,SAT,JUL,2015,0,0,1,8.1,3.5,0.0,395,19.5
2015-07-26,SUN,JUL,2015,0,0,1,3.0,5.1,0.2,421,20.0
2015-07-27,MON,JUL,2015,0,0,0,6.2,6.8,0.0,199,21.0
2015-07-28,TUE,JUL,2015,0,0,0,4.9,7.1,0.0,104,19.6
2015-07-29,WED,JUL,2015,0,0,0,3.7,5.3,0.9,220,15.8
2015-07-30,THU,JUL,2015,0,0,0,3.0,7.5,0.0,122,18.4
2015-07-31,FRI,JUL,2015,0,0,0,2.5,2.9,0.0,581,21.6
2015-08-01,SAT,AUG,2015,0,0,1,2.0,7.0,0.1,61,21.2
2015-08-02,SUN,AUG,2015,0,0,1,2.0,1.8,0.0,655,25.4
2015-08-03,MON,AUG,2015,0,0,0,2.8,1.2,0.0,645,30.0
2015-08-04,TUE,AUG,2015,0,0,0,4.8,5.5,0.0,167,23.7
2015-08-05,WED,AUG,2015,0,0,0,2.6,2.2,0.0,591,27.4
2015-08-06,THU,AUG,2015,0,0,0,3.6,3.2,0.0,521,32.8
2015-08-07,FRI,AUG,2015,0,0,0,2.7,2.6,0.0,486,34.9
2015-08-08,SAT,AUG,2015,0,0,1,4.5,1.6,0.0,565,30.1
2015-08-09,SUN,AUG,2015,0,0,1,4.2,5.5,6.3,340,26.8
2015-08-10,MON,AUG,2015,0,0,0,3.0,4.0,0.0,214,24.8
2015-08-11,TUE,AUG,2015,0,0,0,2.6,1.7,0.0,550,26.5
2015-08-12,WED,AUG,2015,0,0,0,2.2,1.0,0.0,488,29.7
2015-08-13,THU,AUG,2015,0,0,0,2.2,1.8,0.0,492,32.0
2015-08-14,FRI,AUG,2015,0,0,0,2.4,5.4,37.4,198,23.3
2015-08-15,SAT,AUG,2015,0,0,1,3.9,7.4,0.0,153,20.7
2015-08-16,SUN,AUG,2015,0,0,1,3.9,7.7,4.7,6,16.1
2015-08-17,MON,AUG,2015,0,0,0,3.4,6.8,0.0,35,16.8
2015-08-18,TUE,AUG,2015,0,0,0,2.4,4.2,0.0,326,18.8
2015-08-19,WED,AUG,2015,0,0,0,2.5,7.8,1.0,74,17.6
2015-08-20,THU,AUG,2015,0,0,0,1.6,6.2,0.0,211,19.2
2015-08-21,FRI,AUG,2015,0,0,0,1.9,1.8,0.0,566,22.0
2015-08-22,SAT,AUG,2015,0,0,1,2.9,2.8,0.0,543,23.0
2015-08-23,SUN,AUG,2015,0,0,1,3.1,5.9,2.8,402,20.6
2015-08-24,MON,AUG,2015,0,0,0,3.0,6.0,12.9,59,18.5
2015-08-25,TUE,AUG,2015,0,0,0,2.6,3.3,0.0,585,19.7
2015-08-26,WED,AUG,2015,0,0,0,3.5,2.2,0.0,590,24.4
2015-08-27,THU,AUG,2015,0,0,0,3.6,1.8,0.0,538,28.9
2015-08-28,FRI,AUG,2015,0,0,0,2.4,6.8,0.0,57,23.4
2015-08-29,SAT,AUG,2015,0,0,1,2.2,1.1,0.0,589,28.4
2015-08-30,SUN,AUG,2015,0,0,1,1.9,2.1,0.0,630,29.1
2015-08-31,MON,AUG,2015,0,0,0,2.6,1.5,0.0,581,30.6
2015-09-01,TUE,SEP,2015,0,0,0,4.4,7.3,10.4,54,19.9
2015-09-02,WED,SEP,2015,0,0,0,1.7,7.2,0.0,236,18.3
2015-09-03,THU,SEP,2015,0,0,0,2.6,6.1,0.0,222,18.1
2015-09-04,FRI,SEP,2015,0,0,0,3.5,4.5,0.0,362,16.9
2015-09-05,SAT,SEP,2015,0,0,1,5.0,6.4,0.0,238,14.9
2015-09-06,SUN,SEP,2015,0,0,1,4.3,5.6,0.0,192,12.7
2015-09-07,MON,SEP,2015,0,0,0,3.3,7.7,0.0,60,13.8
2015-09-08,TUE,SEP,2015,0,0,0,2.4,5.8,0.0,296,16.8
2015-09-09,WED,SEP,2015,0,0,0,2.9,2.9,0.0,463,17.4
2015-09-10,THU,SEP,2015,0,0,0,3.4,3.8,0.0,320,16.5
2015-09-11,FRI,SEP,2015,0,0,0,1.8,2.7,0.0,516,17.7
2015-09-12,SAT,SEP,2015,0,0,1,2.9,6.3,0.0,326,23.1
2015-09-13,SUN,SEP,2015,0,0,1,1.6,5.1,0.1,167,19.9
2015-09-14,MON,SEP,2015,0,0,0,3.7,6.4,0.1,208,18.4
2015-09-15,TUE,SEP,2015,0,0,0,3.1,7.0,0.0,82,17.3
2015-09-16,WED,SEP,2015,0,0,0,3.0,7.6,0.5,4,18.0
2015-09-17,THU,SEP,2015,0,0,0,3.2,4.7,3.0,61,14.0
2015-09-18,FRI,SEP,2015,0,0,0,1.9,4.8,6.5,88,15.1
2015-09-19,SAT,SEP,2015,0,0,1,2.5,7.4,0.0,88,15.2
2015-09-20,SUN,SEP,2015,0,0,1,2.8,4.6,0.0,158,13.9
2015-09-21,MON,SEP,2015,0,0,0,2.1,1.7,0.0,525,17.0
2015-09-22,TUE,SEP,2015,0,0,0,3.1,7.0,1.6,24,14.8
2015-09-23,WED,SEP,2015,0,0,0,3.3,7.7,0.1,19,12.4
2015-09-24,THU,SEP,2015,0,0,0,1.8,3.8,0.0,325,15.5
2015-09-25,FRI,SEP,2015,0,0,0,2.1,5.0,0.0,334,15.6
2015-09-26,SAT,SEP,2015,0,0,1,3.0,7.2,0.0,106,15.2
2015-09-27,SUN,SEP,2015,0,0,1,3.5,4.4,0.0,284,14.7
2015-09-28,MON,SEP,2015,0,0,0,4.2,4.3,0.0,217,13.8
2015-09-29,TUE,SEP,2015,0,0,0,6.6,3.0,0.0,441,15.1
2015-09-30,WED,SEP,2015,0,0,0,5.4,0.5,0.0,539,14.4
2015-10-01,THU,OCT,2015,0,0,0,3.2,0.4,0.0,538,14.7
2015-10-02,FRI,OCT,2015,0,0,0,2.3,2.9,0.0,469,16.9
2015-10-03,SAT,OCT,2015,1,0,1,1.8,3.0,0.0,478,17.4
2015-10-04,SUN,OCT,2015,0,0,1,1.7,5.7,6.0,72,12.8
2015-10-05,MON,OCT,2015,0,0,0,2.6,7.3,0.2,117,16.2
2015-10-06,TUE,OCT,2015,0,0,0,2.2,7.3,1.9,6,17.0
2015-10-07,WED,OCT,2015,0,0,0,3.8,6.9,0.0,129,15.0
2015-10-08,THU,OCT,2015,0,0,0,2.2,6.8,0.0,142,13.7
2015-10-09,FRI,OCT,2015,0,0,0,2.0,7.2,0.0,131,14.2
2015-10-10,SAT,OCT,2015,0,0,1,2.4,7.3,0.0,38,11.9
2015-10-11,SUN,OCT,2015,0,0,1,2.7,5.6,0.0,226,11.8
2015-10-12,MON,OCT,2015,0,0,0,2.5,4.7,0.0,372,10.5
2015-10-13,TUE,OCT,2015,0,0,0,2.2,7.8,0.0,10,8.7
2015-10-14,WED,OCT,2015,0,0,0,2.3,7.7,0.0,26,5.0
2015-10-15,THU,OCT,2015,0,0,0,3.1,7.9,0.0,0,4.4
2015-10-16,FRI,OCT,2015,0,0,0,2.2,8.0,0.2,0,5.7
2015-10-17,SAT,OCT,2015,0,0,1,1.5,7.6,0.6,0,6.9
2015-10-18,SUN,OCT,2015,0,0,1,1.3,7.9,0.0,0,7.0
2015-10-19,MON,OCT,2015,0,0,0,1.3,7.2,0.0,100,8.3
2015-10-20,TUE,OCT,2015,0,0,0,1.6,7.9,0.2,0,7.8
2015-10-21,WED,OCT,2015,0,0,0,1.4,6.8,0.0,117,10.2
2015-10-22,THU,OCT,2015,0,0,0,2.1,7.8,0.1,32,11.0
2015-10-23,FRI,OCT,2015,0,0,0,1.4,7.9,0.0,0,11.7
2015-10-24,SAT,OCT,2015,0,0,1,2.2,4.3,0.0,306,14.7
2015-10-25,SUN,OCT,2015,0,0,1,2.2,7.2,0.0,28,12.4
2015-10-26,MON,OCT,2015,0,0,0,3.2,1.3,0.0,405,11.0
2015-10-27,TUE,OCT,2015,0,0,0,2.2,3.7,0.0,103,8.3
2015-10-28,WED,OCT,2015,0,0,0,1.9,4.6,0.0,120,9.0
2015-10-29,THU,OCT,2015,0,0,0,1.8,7.7,0.0,2,11.8
2015-10-30,FRI,OCT,2015,0,0,0,3.9,8.0,0.0,0,10.4
2015-10-31,SAT,OCT,2015,0,0,1,2.9,3.8,0.0,52,9.0
2015-11-01,SUN,NOV,2015,1,0,1,1.4,5.7,0.0,136,6.0
2015-11-02,MON,NOV,2015,0,0,0,1.1,8.0,0.0,0,4.4
2015-11-03,TUE,NOV,2015,0,0,0,1.6,8.0,0.0,0,3.5
2015-11-04,WED,NOV,2015,0,0,0,1.8,2.2,0.0,362,14.6
2015-11-05,THU,NOV,2015,0,0,0,1.8,0.7,0.0,405,14.7
2015-11-06,FRI,NOV,2015,0,0,0,1.9,6.9,0.0,44,16.0
2015-11-07,SAT,NOV,2015,0,0,1,1.9,5.6,0.0,46,17.3
